"","source","target","width"
"1",0,3585,1
"2",1,3586,1
"3",2,3587,1
"4",3,3588,1
"5",4,3589,1
"6",5,3590,1
"7",6,3591,1
"8",7,3592,1
"9",8,3593,1
"10",9,3594,1
"11",10,3595,1
"12",11,3592,1
"13",12,3596,1
"14",13,3592,1
"15",14,3597,1
"16",15,3589,1
"17",16,3592,1
"18",17,3598,1
"19",18,3599,1
"20",19,3600,1
"21",20,3594,1
"22",21,3589,1
"23",22,3601,1
"24",23,3591,1
"25",24,3602,1
"26",25,3603,1
"27",26,3604,1
"28",27,3597,1
"29",28,3596,1
"30",29,3596,1
"31",30,3594,1
"32",31,3594,1
"33",32,3592,1
"34",33,3594,1
"35",34,3605,1
"36",35,3591,1
"37",36,3606,1
"38",37,3585,1
"39",38,3596,1
"40",39,3600,1
"41",40,3607,1
"42",41,3607,1
"43",42,3591,1
"44",43,3608,1
"45",44,3589,1
"46",45,3597,1
"47",46,3607,1
"48",47,3608,1
"49",48,3587,1
"50",49,3594,1
"51",50,3602,1
"52",51,3599,1
"53",52,3609,1
"54",53,3608,1
"55",54,3610,1
"56",55,3599,1
"57",56,3611,1
"58",57,3612,1
"59",57,3595,1
"60",58,3613,1
"61",59,3586,1
"62",60,3596,1
"63",60,3614,1
"64",61,3614,1
"65",62,3595,1
"66",63,3586,1
"67",64,3596,1
"68",65,3597,1
"69",66,3598,1
"70",67,3598,1
"71",68,3600,1
"72",69,3615,1
"73",70,3594,1
"74",71,3606,1
"75",72,3616,1
"76",73,3597,1
"77",74,3586,1
"78",75,3615,1
"79",76,3616,1
"80",77,3616,1
"81",78,3600,1
"82",79,3605,1
"83",80,3591,1
"84",81,3599,1
"85",82,3615,1
"86",83,3596,1
"87",84,3617,1
"88",85,3606,1
"89",86,3618,1
"90",87,3599,1
"91",88,3619,1
"92",89,3597,1
"93",90,3586,1
"94",91,3590,1
"95",92,3614,1
"96",93,3614,1
"97",94,3609,1
"98",95,3588,1
"99",96,3586,1
"100",97,3614,1
"101",98,3586,1
"102",99,3612,1
"103",100,3620,1
"104",101,3587,1
"105",102,3590,1
"106",103,3609,1
"107",103,3621,1
"108",104,3614,1
"109",105,3589,1
"110",106,3620,1
"111",107,3622,1
"112",108,3606,1
"113",109,3597,1
"114",110,3623,1
"115",111,3602,1
"116",112,3624,1
"117",113,3603,1
"118",114,3616,1
"119",115,3596,1
"120",116,3594,1
"121",117,3618,1
"122",118,3605,1
"123",119,3589,1
"124",120,3591,1
"125",121,3591,1
"126",122,3618,1
"127",123,3624,1
"128",124,3616,1
"129",125,3625,1
"130",126,3589,1
"131",127,3606,1
"132",128,3617,1
"133",129,3626,1
"134",130,3605,1
"135",131,3618,1
"136",132,3621,1
"137",133,3602,1
"138",134,3614,1
"139",135,3590,1
"140",136,3617,1
"141",137,3594,1
"142",138,3607,1
"143",139,3627,1
"144",140,3615,1
"145",141,3587,1
"146",142,3615,1
"147",143,3587,1
"148",144,3594,1
"149",144,3599,1
"150",145,3586,1
"151",146,3613,1
"152",145,3592,1
"153",147,3585,1
"154",148,3621,1
"155",149,3615,1
"156",150,3596,1
"157",151,3587,1
"158",152,3585,1
"159",153,3616,1
"160",154,3607,1
"161",155,3594,1
"162",156,3615,1
"163",157,3587,1
"164",158,3621,1
"165",159,3625,1
"166",160,3600,1
"167",161,3597,1
"168",162,3618,1
"169",163,3589,1
"170",164,3596,1
"171",165,3594,1
"172",166,3588,1
"173",167,3625,1
"174",168,3598,1
"175",169,3617,1
"176",170,3593,1
"177",171,3602,1
"178",172,3594,1
"179",173,3596,1
"180",174,3598,1
"181",175,3598,1
"182",176,3597,1
"183",177,3624,1
"184",177,3628,1
"185",177,3613,1
"186",178,3626,1
"187",179,3626,1
"188",179,3624,1
"189",180,3613,1
"190",181,3588,1
"191",182,3595,1
"192",182,3610,1
"193",183,3589,1
"194",184,3629,1
"195",185,3618,1
"196",186,3605,1
"197",187,3628,1
"198",188,3618,1
"199",189,3620,1
"200",190,3589,1
"201",191,3588,1
"202",192,3597,1
"203",193,3630,1
"204",194,3589,1
"205",195,3618,1
"206",196,3609,1
"207",197,3586,1
"208",198,3626,1
"209",199,3623,1
"210",200,3626,1
"211",201,3631,1
"212",202,3588,1
"213",203,3588,1
"214",204,3593,1
"215",205,3616,1
"216",206,3585,1
"217",207,3632,1
"218",208,3598,1
"219",209,3597,1
"220",210,3630,1
"221",211,3626,1
"222",212,3597,1
"223",213,3602,1
"224",214,3628,1
"225",215,3602,1
"226",216,3593,1
"227",217,3589,1
"228",218,3610,1
"229",219,3594,1
"230",220,3601,1
"231",221,3586,1
"232",222,3601,1
"233",223,3619,1
"234",224,3591,1
"235",225,3606,1
"236",226,3597,1
"237",227,3611,1
"238",228,3613,1
"239",229,3613,1
"240",230,3633,1
"241",231,3595,1
"242",232,3604,1
"243",233,3600,1
"244",234,3615,1
"245",235,3627,1
"246",236,3588,1
"247",237,3612,1
"248",237,3621,1
"249",238,3613,1
"250",239,3633,1
"251",240,3588,1
"252",241,3590,1
"253",242,3627,1
"254",243,3634,1
"255",244,3597,1
"256",245,3593,1
"257",246,3602,1
"258",247,3612,1
"259",248,3596,1
"260",249,3588,1
"261",250,3599,1
"262",251,3602,1
"263",252,3610,1
"264",253,3621,1
"265",254,3608,1
"266",255,3599,1
"267",256,3587,1
"268",257,3624,1
"269",258,3588,1
"270",259,3634,1
"271",260,3610,1
"272",261,3609,1
"273",262,3598,1
"274",263,3616,1
"275",264,3613,1
"276",265,3621,1
"277",266,3594,1
"278",267,3627,1
"279",268,3586,1
"280",269,3605,1
"281",270,3614,1
"282",271,3590,1
"283",272,3587,1
"284",273,3587,1
"285",274,3589,1
"286",275,3589,1
"287",275,3621,1
"288",276,3597,1
"289",277,3594,1
"290",278,3594,1
"291",279,3590,1
"292",280,3587,1
"293",281,3602,1
"294",282,3597,1
"295",283,3622,1
"296",284,3620,1
"297",285,3627,1
"298",286,3588,1
"299",287,3629,1
"300",288,3605,1
"301",289,3585,1
"302",290,3606,1
"303",291,3591,1
"304",292,3605,1
"305",293,3586,1
"306",294,3618,1
"307",295,3602,1
"308",296,3600,1
"309",297,3628,1
"310",298,3591,1
"311",299,3613,1
"312",300,3594,1
"313",300,3597,1
"314",301,3630,1
"315",302,3624,1
"316",303,3607,1
"317",304,3602,1
"318",305,3597,1
"319",306,3621,1
"320",307,3607,1
"321",308,3606,1
"322",309,3594,1
"323",310,3615,1
"324",309,3594,1
"325",311,3616,1
"326",312,3589,1
"327",313,3596,1
"328",314,3621,1
"329",315,3621,1
"330",316,3610,1
"331",315,3587,1
"332",317,3587,1
"333",318,3591,1
"334",319,3617,1
"335",320,3587,1
"336",321,3593,1
"337",322,3593,1
"338",323,3606,1
"339",324,3616,1
"340",325,3609,1
"341",326,3622,1
"342",327,3602,1
"343",328,3614,1
"344",329,3606,1
"345",330,3586,1
"346",331,3633,1
"347",332,3616,1
"348",333,3607,1
"349",334,3598,1
"350",335,3590,1
"351",336,3621,1
"352",337,3610,1
"353",338,3597,1
"354",339,3609,1
"355",340,3588,1
"356",341,3594,1
"357",342,3594,1
"358",343,3613,1
"359",344,3617,1
"360",345,3602,1
"361",346,3598,1
"362",347,3620,1
"363",348,3606,1
"364",349,3620,1
"365",350,3605,1
"366",351,3616,1
"367",352,3596,1
"368",353,3593,1
"369",354,3602,1
"370",354,3607,1
"371",355,3610,1
"372",356,3587,1
"373",357,3603,1
"374",358,3616,1
"375",359,3615,1
"376",360,3618,1
"377",361,3607,1
"378",362,3598,1
"379",363,3597,1
"380",364,3625,1
"381",365,3598,1
"382",366,3614,1
"383",367,3616,1
"384",368,3620,1
"385",369,3595,1
"386",370,3602,1
"387",371,3632,1
"388",372,3612,1
"389",373,3607,1
"390",374,3587,1
"391",375,3628,1
"392",376,3600,1
"393",377,3619,1
"394",378,3616,1
"395",379,3631,1
"396",380,3624,1
"397",381,3609,1
"398",382,3596,1
"399",383,3596,1
"400",384,3598,1
"401",385,3605,1
"402",386,3594,1
"403",387,3625,1
"404",209,3608,1
"405",388,3585,1
"406",389,3619,1
"407",390,3595,1
"408",391,3599,1
"409",392,3615,1
"410",393,3600,1
"411",394,3585,1
"412",395,3625,1
"413",396,3607,1
"414",397,3630,1
"415",397,3616,1
"416",398,3604,1
"417",399,3610,1
"418",400,3620,1
"419",401,3631,1
"420",402,3631,1
"421",403,3596,1
"422",404,3610,1
"423",405,3610,1
"424",406,3623,1
"425",407,3632,1
"426",408,3613,1
"427",409,3610,1
"428",410,3634,1
"429",411,3589,1
"430",412,3609,1
"431",413,3608,1
"432",414,3610,1
"433",415,3593,1
"434",416,3612,1
"435",417,3610,1
"436",418,3593,1
"437",419,3586,1
"438",420,3611,1
"439",421,3621,1
"440",421,3589,1
"441",422,3600,1
"442",423,3588,1
"443",424,3613,1
"444",425,3610,1
"445",426,3608,1
"446",427,3609,1
"447",428,3621,1
"448",429,3602,1
"449",430,3602,1
"450",430,3615,1
"451",430,3592,1
"452",431,3616,1
"453",432,3616,1
"454",432,3630,1
"455",433,3630,1
"456",434,3624,1
"457",435,3586,1
"458",436,3598,1
"459",437,3606,1
"460",438,3585,1
"461",439,3629,1
"462",440,3619,1
"463",441,3625,1
"464",442,3615,1
"465",443,3624,1
"466",444,3625,1
"467",445,3613,1
"468",446,3613,1
"469",447,3619,1
"470",448,3609,1
"471",449,3596,1
"472",450,3613,1
"473",451,3592,1
"474",452,3632,1
"475",453,3600,1
"476",454,3614,1
"477",455,3600,1
"478",456,3624,1
"479",457,3604,1
"480",431,3585,1
"481",458,3586,1
"482",459,3591,1
"483",460,3617,1
"484",461,3613,1
"485",462,3585,1
"486",463,3621,1
"487",464,3626,1
"488",465,3599,1
"489",466,3605,1
"490",466,3625,1
"491",467,3632,1
"492",468,3606,1
"493",469,3606,1
"494",470,3595,1
"495",471,3605,1
"496",471,3626,1
"497",472,3625,1
"498",473,3614,1
"499",474,3600,1
"500",475,3625,1
"501",476,3630,1
"502",477,3605,1
"503",478,3632,1
"504",479,3631,1
"505",480,3620,1
"506",481,3601,1
"507",482,3602,1
"508",483,3605,1
"509",484,3590,1
"510",485,3614,1
"511",486,3598,1
"512",487,3616,1
"513",488,3602,1
"514",489,3625,1
"515",490,3618,1
"516",491,3631,1
"517",492,3587,1
"518",493,3593,1
"519",494,3625,1
"520",495,3625,1
"521",496,3585,1
"522",497,3631,1
"523",498,3613,1
"524",499,3630,1
"525",500,3599,1
"526",501,3629,1
"527",502,3622,1
"528",503,3630,1
"529",504,3587,1
"530",505,3587,1
"531",506,3619,1
"532",507,3619,1
"533",508,3622,1
"534",509,3587,1
"535",510,3585,1
"536",511,3605,1
"537",512,3629,1
"538",513,3606,1
"539",514,3585,1
"540",515,3611,1
"541",516,3608,1
"542",517,3585,1
"543",518,3618,1
"544",519,3622,1
"545",520,3631,1
"546",521,3628,1
"547",522,3630,1
"548",523,3624,1
"549",524,3593,1
"550",525,3612,1
"551",526,3602,1
"552",527,3586,1
"553",528,3630,1
"554",529,3630,1
"555",530,3627,1
"556",531,3623,1
"557",532,3585,1
"558",533,3610,1
"559",534,3625,1
"560",535,3585,1
"561",536,3601,1
"562",537,3591,1
"563",538,3619,1
"564",539,3599,1
"565",540,3595,1
"566",541,3602,1
"567",542,3611,1
"568",543,3611,1
"569",544,3625,1
"570",545,3585,1
"571",546,3587,1
"572",547,3626,1
"573",548,3618,1
"574",549,3617,1
"575",550,3598,1
"576",551,3602,1
"577",552,3602,1
"578",553,3604,1
"579",554,3595,1
"580",555,3587,1
"581",556,3623,1
"582",557,3615,1
"583",558,3632,1
"584",559,3595,1
"585",560,3615,1
"586",559,3616,1
"587",561,3586,1
"588",562,3625,1
"589",563,3607,1
"590",564,3596,1
"591",565,3585,1
"592",566,3616,1
"593",567,3606,1
"594",568,3596,1
"595",569,3616,1
"596",570,3597,1
"597",570,3615,1
"598",571,3597,1
"599",572,3602,1
"600",572,3605,1
"601",573,3608,1
"602",574,3628,1
"603",575,3588,1
"604",576,3618,1
"605",577,3597,1
"606",578,3602,1
"607",579,3619,1
"608",580,3607,1
"609",581,3615,1
"610",581,3620,1
"611",582,3607,1
"612",583,3588,1
"613",584,3594,1
"614",584,3588,1
"615",585,3598,1
"616",586,3601,1
"617",587,3592,1
"618",588,3585,1
"619",589,3625,1
"620",590,3608,1
"621",591,3609,1
"622",591,3624,1
"623",592,3587,1
"624",593,3630,1
"625",594,3615,1
"626",595,3616,1
"627",596,3611,1
"628",597,3605,1
"629",598,3624,1
"630",599,3594,1
"631",600,3605,1
"632",601,3586,1
"633",602,3605,1
"634",603,3599,1
"635",604,3591,1
"636",605,3617,1
"637",606,3602,1
"638",607,3622,1
"639",608,3596,1
"640",609,3587,1
"641",610,3596,1
"642",611,3608,1
"643",612,3615,1
"644",613,3596,1
"645",614,3587,1
"646",615,3595,1
"647",616,3608,1
"648",617,3615,1
"649",618,3594,1
"650",619,3586,1
"651",620,3617,1
"652",621,3617,1
"653",622,3606,1
"654",623,3597,1
"655",624,3607,1
"656",625,3587,1
"657",626,3617,1
"658",627,3609,1
"659",628,3629,1
"660",629,3597,1
"661",630,3589,1
"662",631,3593,1
"663",632,3595,1
"664",632,3596,1
"665",633,3634,1
"666",634,3599,1
"667",635,3600,1
"668",636,3594,1
"669",637,3610,1
"670",638,3595,1
"671",639,3594,1
"672",640,3615,1
"673",640,3615,1
"674",641,3634,1
"675",642,3596,1
"676",643,3586,1
"677",644,3616,1
"678",645,3634,1
"679",646,3628,1
"680",647,3629,1
"681",648,3625,1
"682",649,3589,1
"683",650,3586,1
"684",651,3615,1
"685",652,3594,1
"686",653,3614,1
"687",654,3625,1
"688",655,3616,1
"689",656,3619,1
"690",657,3604,1
"691",658,3597,1
"692",659,3617,1
"693",660,3606,1
"694",661,3604,1
"695",662,3620,1
"696",663,3602,1
"697",664,3604,1
"698",665,3630,1
"699",666,3633,1
"700",667,3624,1
"701",667,3591,1
"702",668,3620,1
"703",669,3587,1
"704",670,3628,1
"705",670,3594,1
"706",671,3591,1
"707",672,3606,1
"708",673,3611,1
"709",674,3615,1
"710",675,3594,1
"711",676,3594,1
"712",677,3600,1
"713",678,3601,1
"714",679,3616,1
"715",680,3608,1
"716",680,3591,1
"717",681,3609,1
"718",682,3607,1
"719",683,3621,1
"720",684,3590,1
"721",685,3634,1
"722",686,3614,1
"723",687,3596,1
"724",688,3610,1
"725",689,3625,1
"726",690,3625,1
"727",691,3617,1
"728",692,3622,1
"729",693,3602,1
"730",694,3603,1
"731",695,3618,1
"732",696,3597,1
"733",697,3592,1
"734",698,3626,1
"735",699,3616,1
"736",699,3606,1
"737",700,3619,1
"738",701,3599,1
"739",702,3623,1
"740",703,3620,1
"741",704,3586,1
"742",705,3585,1
"743",705,3598,1
"744",706,3598,1
"745",707,3634,1
"746",708,3616,1
"747",709,3592,1
"748",710,3625,1
"749",711,3613,1
"750",712,3609,1
"751",713,3597,1
"752",714,3598,1
"753",715,3596,1
"754",716,3617,1
"755",717,3617,1
"756",718,3607,1
"757",719,3628,1
"758",720,3624,1
"759",721,3617,1
"760",722,3617,1
"761",723,3633,1
"762",724,3589,1
"763",724,3585,1
"764",725,3596,1
"765",726,3588,1
"766",727,3585,1
"767",728,3622,1
"768",729,3595,1
"769",730,3585,1
"770",731,3614,1
"771",732,3590,1
"772",733,3616,1
"773",734,3598,1
"774",734,3593,1
"775",734,3585,1
"776",735,3605,1
"777",736,3594,1
"778",737,3626,1
"779",738,3585,1
"780",739,3595,1
"781",740,3631,1
"782",741,3589,1
"783",742,3600,1
"784",743,3598,1
"785",744,3585,1
"786",745,3620,1
"787",746,3593,1
"788",747,3585,1
"789",748,3621,1
"790",749,3585,1
"791",750,3629,1
"792",751,3596,1
"793",752,3609,1
"794",753,3615,1
"795",754,3615,1
"796",755,3602,1
"797",756,3596,1
"798",757,3614,1
"799",757,3613,1
"800",758,3619,1
"801",759,3614,1
"802",760,3586,1
"803",761,3612,1
"804",762,3607,1
"805",763,3624,1
"806",764,3631,1
"807",765,3589,1
"808",766,3634,1
"809",767,3598,1
"810",768,3618,1
"811",769,3618,1
"812",770,3590,1
"813",771,3590,1
"814",772,3596,1
"815",773,3603,1
"816",774,3603,1
"817",775,3625,1
"818",776,3587,1
"819",777,3626,1
"820",778,3607,1
"821",779,3610,1
"822",780,3599,1
"823",781,3587,1
"824",782,3587,1
"825",783,3609,1
"826",784,3608,1
"827",785,3608,1
"828",786,3605,1
"829",787,3609,1
"830",788,3619,1
"831",789,3585,1
"832",790,3634,1
"833",791,3597,1
"834",792,3604,1
"835",793,3603,1
"836",794,3619,1
"837",795,3591,1
"838",796,3601,1
"839",797,3617,1
"840",798,3607,1
"841",799,3610,1
"842",800,3625,1
"843",801,3609,1
"844",802,3608,1
"845",803,3617,1
"846",804,3621,1
"847",805,3589,1
"848",806,3585,1
"849",807,3617,1
"850",808,3600,1
"851",809,3592,1
"852",810,3595,1
"853",811,3624,1
"854",812,3609,1
"855",813,3591,1
"856",814,3600,1
"857",815,3594,1
"858",816,3605,1
"859",817,3597,1
"860",818,3614,1
"861",819,3595,1
"862",820,3614,1
"863",821,3599,1
"864",822,3605,1
"865",823,3587,1
"866",824,3606,1
"867",825,3585,1
"868",826,3589,1
"869",827,3593,1
"870",828,3625,1
"871",829,3608,1
"872",830,3606,1
"873",831,3630,1
"874",832,3613,1
"875",833,3605,1
"876",831,3606,1
"877",834,3628,1
"878",835,3597,1
"879",836,3601,1
"880",837,3623,1
"881",838,3633,1
"882",839,3621,1
"883",840,3589,1
"884",841,3588,1
"885",842,3586,1
"886",843,3608,1
"887",844,3585,1
"888",845,3617,1
"889",846,3608,1
"890",847,3623,1
"891",848,3622,1
"892",849,3585,1
"893",850,3628,1
"894",851,3624,1
"895",852,3602,1
"896",853,3604,1
"897",854,3604,1
"898",855,3623,1
"899",856,3602,1
"900",857,3602,1
"901",858,3612,1
"902",859,3595,1
"903",860,3626,1
"904",861,3615,1
"905",862,3590,1
"906",863,3587,1
"907",864,3586,1
"908",865,3589,1
"909",866,3624,1
"910",867,3616,1
"911",868,3626,1
"912",869,3603,1
"913",869,3585,1
"914",870,3592,1
"915",871,3596,1
"916",872,3586,1
"917",873,3627,1
"918",874,3596,1
"919",875,3586,1
"920",876,3630,1
"921",877,3590,1
"922",876,3587,1
"923",878,3614,1
"924",879,3625,1
"925",880,3590,1
"926",881,3585,1
"927",882,3634,1
"928",883,3634,1
"929",884,3585,1
"930",885,3616,1
"931",886,3617,1
"932",887,3595,1
"933",888,3617,1
"934",889,3628,1
"935",890,3590,1
"936",891,3596,1
"937",892,3596,1
"938",893,3626,1
"939",894,3597,1
"940",895,3628,1
"941",896,3629,1
"942",897,3631,1
"943",898,3607,1
"944",899,3601,1
"945",900,3627,1
"946",901,3600,1
"947",902,3606,1
"948",903,3614,1
"949",904,3634,1
"950",905,3625,1
"951",906,3585,1
"952",907,3600,1
"953",908,3598,1
"954",909,3634,1
"955",910,3595,1
"956",911,3625,1
"957",912,3595,1
"958",913,3596,1
"959",914,3617,1
"960",915,3586,1
"961",916,3633,1
"962",917,3609,1
"963",918,3634,1
"964",919,3600,1
"965",920,3586,1
"966",921,3624,1
"967",922,3595,1
"968",923,3587,1
"969",924,3618,1
"970",925,3590,1
"971",926,3617,1
"972",927,3587,1
"973",928,3587,1
"974",929,3630,1
"975",930,3606,1
"976",931,3601,1
"977",932,3589,1
"978",933,3616,1
"979",934,3634,1
"980",935,3628,1
"981",936,3620,1
"982",937,3588,1
"983",938,3615,1
"984",939,3627,1
"985",940,3601,1
"986",941,3615,1
"987",942,3596,1
"988",943,3596,1
"989",944,3630,1
"990",945,3630,1
"991",946,3588,1
"992",947,3610,1
"993",948,3592,1
"994",949,3585,1
"995",950,3617,1
"996",951,3625,1
"997",952,3591,1
"998",952,3616,1
"999",953,3590,1
"1000",954,3596,1
"1001",955,3587,1
"1002",956,3591,1
"1003",957,3605,1
"1004",958,3593,1
"1005",959,3591,1
"1006",960,3586,1
"1007",960,3607,1
"1008",961,3595,1
"1009",962,3603,1
"1010",963,3625,1
"1011",963,3624,1
"1012",964,3596,1
"1013",965,3634,1
"1014",966,3631,1
"1015",967,3596,1
"1016",968,3626,1
"1017",969,3613,1
"1018",970,3614,1
"1019",970,3609,1
"1020",971,3594,1
"1021",972,3629,1
"1022",973,3609,1
"1023",974,3614,1
"1024",975,3614,1
"1025",976,3599,1
"1026",977,3594,1
"1027",978,3631,1
"1028",979,3601,1
"1029",980,3597,1
"1030",981,3633,1
"1031",982,3633,1
"1032",983,3616,1
"1033",984,3617,1
"1034",985,3596,1
"1035",986,3616,1
"1036",987,3620,1
"1037",988,3615,1
"1038",989,3588,1
"1039",990,3588,1
"1040",991,3620,1
"1041",992,3615,1
"1042",993,3598,1
"1043",994,3622,1
"1044",995,3622,1
"1045",996,3596,1
"1046",997,3609,1
"1047",998,3603,1
"1048",999,3607,1
"1049",1000,3600,1
"1050",1001,3609,1
"1051",1002,3596,1
"1052",1003,3588,1
"1053",1004,3609,1
"1054",1005,3609,1
"1055",1006,3604,1
"1056",1007,3594,1
"1057",1008,3603,1
"1058",1009,3596,1
"1059",1010,3596,1
"1060",1011,3633,1
"1061",1012,3630,1
"1062",1013,3605,1
"1063",1014,3594,1
"1064",1015,3592,1
"1065",1016,3593,1
"1066",1017,3607,1
"1067",1018,3588,1
"1068",1019,3607,1
"1069",1020,3607,1
"1070",1021,3601,1
"1071",1022,3586,1
"1072",1023,3613,1
"1073",1024,3594,1
"1074",1025,3615,1
"1075",1026,3620,1
"1076",1027,3613,1
"1077",1028,3600,1
"1078",1029,3625,1
"1079",1030,3596,1
"1080",1031,3612,1
"1081",1032,3604,1
"1082",1033,3604,1
"1083",1034,3597,1
"1084",1035,3623,1
"1085",1036,3627,1
"1086",1037,3589,1
"1087",1038,3627,1
"1088",1039,3608,1
"1089",1040,3630,1
"1090",1041,3608,1
"1091",1042,3619,1
"1092",1043,3590,1
"1093",1043,3615,1
"1094",1044,3616,1
"1095",1045,3621,1
"1096",1046,3585,1
"1097",1047,3621,1
"1098",1048,3616,1
"1099",1049,3634,1
"1100",1050,3587,1
"1101",1051,3631,1
"1102",1052,3597,1
"1103",1053,3634,1
"1104",1054,3596,1
"1105",1055,3634,1
"1106",1056,3617,1
"1107",1057,3621,1
"1108",1058,3589,1
"1109",1059,3616,1
"1110",1060,3593,1
"1111",1061,3621,1
"1112",1062,3598,1
"1113",1063,3602,1
"1114",1064,3621,1
"1115",1065,3602,1
"1116",1066,3597,1
"1117",1067,3606,1
"1118",1068,3618,1
"1119",1068,3592,1
"1120",1069,3626,1
"1121",1070,3614,1
"1122",1071,3605,1
"1123",1071,3587,1
"1124",1072,3594,1
"1125",1073,3616,1
"1126",1074,3625,1
"1127",1075,3629,1
"1128",1076,3586,1
"1129",1077,3586,1
"1130",1077,3616,1
"1131",1078,3606,1
"1132",1079,3585,1
"1133",1080,3612,1
"1134",1081,3630,1
"1135",1082,3613,1
"1136",1083,3618,1
"1137",1084,3613,1
"1138",1085,3591,1
"1139",1086,3600,1
"1140",1087,3626,1
"1141",1088,3604,1
"1142",1089,3598,1
"1143",1089,3597,1
"1144",1090,3596,1
"1145",1091,3589,1
"1146",1092,3596,1
"1147",1093,3597,1
"1148",1094,3597,1
"1149",1095,3629,1
"1150",1095,3612,1
"1151",1096,3621,1
"1152",1097,3588,1
"1153",1098,3596,1
"1154",1099,3606,1
"1155",1100,3606,1
"1156",1101,3609,1
"1157",1102,3612,1
"1158",1103,3621,1
"1159",1104,3630,1
"1160",1105,3614,1
"1161",1105,3596,1
"1162",1106,3589,1
"1163",1107,3614,1
"1164",1108,3619,1
"1165",1109,3595,1
"1166",1110,3607,1
"1167",1111,3616,1
"1168",1112,3600,1
"1169",1113,3609,1
"1170",1114,3603,1
"1171",1115,3628,1
"1172",1116,3591,1
"1173",1117,3596,1
"1174",1118,3593,1
"1175",1119,3587,1
"1176",1120,3627,1
"1177",1121,3602,1
"1178",1122,3587,1
"1179",1123,3610,1
"1180",1124,3616,1
"1181",1124,3603,1
"1182",1125,3595,1
"1183",1126,3632,1
"1184",1127,3618,1
"1185",1128,3587,1
"1186",1129,3605,1
"1187",1130,3615,1
"1188",1131,3597,1
"1189",1132,3585,1
"1190",1133,3611,1
"1191",1134,3609,1
"1192",1135,3620,1
"1193",1136,3621,1
"1194",1137,3588,1
"1195",1138,3610,1
"1196",1139,3603,1
"1197",1140,3602,1
"1198",1141,3615,1
"1199",1142,3616,1
"1200",1143,3632,1
"1201",1144,3621,1
"1202",1145,3596,1
"1203",1146,3613,1
"1204",1147,3591,1
"1205",1148,3598,1
"1206",1149,3589,1
"1207",1150,3608,1
"1208",1151,3633,1
"1209",1152,3634,1
"1210",1153,3601,1
"1211",1154,3590,1
"1212",1155,3596,1
"1213",1156,3608,1
"1214",1157,3587,1
"1215",1158,3612,1
"1216",1159,3629,1
"1217",1160,3608,1
"1218",1161,3593,1
"1219",1162,3591,1
"1220",1163,3631,1
"1221",1164,3605,1
"1222",1165,3614,1
"1223",1166,3634,1
"1224",1167,3588,1
"1225",1168,3595,1
"1226",1169,3627,1
"1227",1170,3613,1
"1228",1171,3614,1
"1229",1172,3615,1
"1230",1173,3618,1
"1231",1174,3621,1
"1232",1175,3628,1
"1233",1176,3603,1
"1234",1177,3606,1
"1235",1178,3592,1
"1236",1179,3628,1
"1237",1180,3587,1
"1238",1181,3592,1
"1239",1182,3630,1
"1240",1183,3619,1
"1241",1184,3588,1
"1242",1185,3626,1
"1243",1186,3589,1
"1244",1187,3625,1
"1245",1188,3618,1
"1246",1189,3600,1
"1247",1190,3616,1
"1248",1191,3589,1
"1249",1192,3623,1
"1250",1193,3628,1
"1251",1194,3594,1
"1252",1195,3596,1
"1253",1196,3589,1
"1254",1197,3626,1
"1255",1198,3599,1
"1256",1199,3597,1
"1257",1200,3621,1
"1258",1201,3605,1
"1259",1202,3593,1
"1260",1203,3591,1
"1261",1204,3626,1
"1262",1205,3620,1
"1263",1206,3588,1
"1264",1207,3598,1
"1265",1208,3631,1
"1266",1209,3631,1
"1267",1210,3616,1
"1268",1211,3625,1
"1269",1212,3587,1
"1270",1213,3589,1
"1271",1214,3599,1
"1272",1215,3620,1
"1273",1216,3617,1
"1274",1217,3612,1
"1275",1218,3598,1
"1276",1219,3593,1
"1277",1220,3633,1
"1278",1221,3585,1
"1279",1221,3616,1
"1280",1222,3598,1
"1281",1223,3585,1
"1282",1224,3628,1
"1283",1225,3618,1
"1284",1226,3592,1
"1285",1227,3619,1
"1286",1228,3634,1
"1287",1228,3593,1
"1288",1229,3590,1
"1289",1230,3608,1
"1290",1231,3605,1
"1291",1232,3590,1
"1292",1233,3607,1
"1293",1234,3597,1
"1294",1235,3602,1
"1295",1236,3631,1
"1296",1237,3631,1
"1297",1238,3630,1
"1298",1239,3615,1
"1299",1239,3620,1
"1300",1240,3596,1
"1301",1241,3589,1
"1302",1242,3605,1
"1303",1243,3607,1
"1304",1244,3621,1
"1305",1244,3630,1
"1306",1245,3626,1
"1307",1246,3612,1
"1308",1246,3588,1
"1309",1247,3609,1
"1310",1248,3620,1
"1311",1249,3602,1
"1312",1249,3632,1
"1313",1250,3611,1
"1314",1251,3625,1
"1315",1252,3611,1
"1316",1253,3609,1
"1317",1254,3634,1
"1318",1255,3585,1
"1319",1256,3602,1
"1320",1257,3590,1
"1321",1258,3614,1
"1322",1259,3613,1
"1323",1259,3588,1
"1324",1260,3609,1
"1325",1261,3609,1
"1326",1262,3631,1
"1327",1263,3590,1
"1328",1264,3602,1
"1329",1265,3633,1
"1330",1266,3618,1
"1331",1267,3626,1
"1332",1268,3601,1
"1333",1269,3632,1
"1334",1270,3597,1
"1335",1271,3590,1
"1336",1272,3634,1
"1337",1273,3592,1
"1338",1274,3598,1
"1339",1275,3618,1
"1340",1276,3619,1
"1341",1277,3618,1
"1342",1278,3615,1
"1343",1279,3602,1
"1344",1280,3603,1
"1345",1281,3591,1
"1346",1282,3600,1
"1347",1283,3621,1
"1348",1284,3619,1
"1349",1285,3622,1
"1350",1286,3621,1
"1351",1287,3615,1
"1352",1288,3603,1
"1353",1289,3585,1
"1354",1290,3585,1
"1355",1291,3607,1
"1356",1292,3594,1
"1357",1293,3597,1
"1358",1294,3612,1
"1359",1295,3594,1
"1360",1296,3601,1
"1361",1296,3619,1
"1362",1297,3626,1
"1363",1298,3605,1
"1364",1299,3614,1
"1365",1300,3633,1
"1366",1301,3617,1
"1367",1302,3624,1
"1368",1303,3595,1
"1369",1304,3616,1
"1370",1305,3616,1
"1371",1306,3614,1
"1372",1307,3617,1
"1373",1308,3614,1
"1374",1309,3587,1
"1375",1310,3610,1
"1376",1311,3590,1
"1377",1312,3606,1
"1378",1313,3621,1
"1379",1314,3591,1
"1380",1315,3599,1
"1381",1316,3587,1
"1382",1317,3602,1
"1383",1318,3600,1
"1384",1319,3609,1
"1385",1320,3631,1
"1386",1321,3613,1
"1387",1322,3606,1
"1388",1323,3609,1
"1389",1324,3614,1
"1390",1325,3613,1
"1391",1326,3592,1
"1392",1327,3616,1
"1393",1328,3586,1
"1394",1329,3591,1
"1395",1329,3602,1
"1396",1330,3634,1
"1397",1330,3597,1
"1398",1331,3619,1
"1399",1331,3621,1
"1400",1332,3603,1
"1401",1333,3615,1
"1402",1334,3616,1
"1403",1333,3630,1
"1404",1335,3618,1
"1405",1336,3632,1
"1406",1337,3626,1
"1407",1338,3602,1
"1408",1339,3622,1
"1409",1339,3609,1
"1410",1340,3616,1
"1411",1341,3608,1
"1412",1342,3618,1
"1413",1343,3619,1
"1414",1344,3609,1
"1415",1345,3617,1
"1416",1346,3598,1
"1417",1347,3627,1
"1418",1348,3592,1
"1419",1349,3615,1
"1420",1349,3614,1
"1421",1350,3596,1
"1422",1350,3596,1
"1423",1350,3609,1
"1424",1351,3619,1
"1425",1352,3596,1
"1426",1353,3608,1
"1427",1354,3587,1
"1428",1355,3606,1
"1429",1356,3603,1
"1430",1357,3617,1
"1431",1358,3616,1
"1432",1359,3599,1
"1433",1360,3610,1
"1434",1361,3610,1
"1435",1362,3585,1
"1436",1363,3607,1
"1437",1364,3619,1
"1438",1365,3593,1
"1439",1366,3628,1
"1440",1367,3594,1
"1441",1368,3599,1
"1442",1369,3587,1
"1443",1370,3601,1
"1444",1371,3610,1
"1445",1372,3606,1
"1446",1373,3619,1
"1447",1374,3619,1
"1448",1375,3629,1
"1449",1376,3602,1
"1450",1377,3630,1
"1451",1378,3598,1
"1452",1379,3598,1
"1453",1380,3613,1
"1454",1381,3614,1
"1455",1382,3598,1
"1456",1383,3615,1
"1457",1384,3614,1
"1458",1385,3615,1
"1459",1386,3629,1
"1460",1387,3620,1
"1461",1388,3623,1
"1462",1389,3614,1
"1463",1390,3586,1
"1464",1391,3596,1
"1465",1392,3597,1
"1466",1393,3597,1
"1467",1394,3589,1
"1468",1395,3600,1
"1469",1396,3615,1
"1470",1397,3620,1
"1471",1398,3612,1
"1472",1399,3600,1
"1473",1400,3597,1
"1474",1401,3626,1
"1475",1402,3585,1
"1476",1403,3597,1
"1477",1404,3618,1
"1478",1405,3593,1
"1479",1406,3630,1
"1480",1407,3619,1
"1481",1408,3587,1
"1482",1409,3586,1
"1483",1410,3596,1
"1484",1411,3598,1
"1485",1412,3591,1
"1486",1413,3609,1
"1487",1414,3614,1
"1488",1415,3621,1
"1489",1416,3585,1
"1490",1417,3608,1
"1491",1418,3591,1
"1492",1419,3618,1
"1493",1420,3597,1
"1494",1421,3608,1
"1495",1421,3599,1
"1496",1422,3619,1
"1497",1423,3622,1
"1498",1424,3615,1
"1499",1425,3597,1
"1500",1426,3631,1
"1501",1427,3627,1
"1502",1428,3616,1
"1503",1429,3596,1
"1504",1430,3602,1
"1505",1431,3591,1
"1506",1432,3609,1
"1507",1433,3594,1
"1508",1434,3588,1
"1509",1435,3620,1
"1510",1436,3600,1
"1511",1436,3599,1
"1512",1437,3585,1
"1513",1437,3615,1
"1514",1437,3620,1
"1515",1437,3608,1
"1516",1438,3608,1
"1517",1438,3605,1
"1518",1439,3630,1
"1519",1439,3614,1
"1520",1440,3632,1
"1521",1440,3614,1
"1522",1441,3624,1
"1523",1442,3601,1
"1524",1443,3595,1
"1525",1444,3594,1
"1526",1445,3613,1
"1527",1446,3585,1
"1528",1447,3605,1
"1529",1448,3603,1
"1530",1449,3628,1
"1531",1450,3595,1
"1532",1450,3609,1
"1533",1451,3593,1
"1534",1452,3622,1
"1535",1453,3600,1
"1536",1454,3619,1
"1537",1455,3627,1
"1538",1456,3609,1
"1539",1457,3609,1
"1540",1457,3614,1
"1541",1458,3615,1
"1542",1459,3604,1
"1543",1460,3613,1
"1544",1461,3626,1
"1545",1462,3610,1
"1546",1463,3585,1
"1547",1464,3597,1
"1548",1465,3588,1
"1549",1466,3608,1
"1550",1467,3623,1
"1551",1468,3622,1
"1552",1468,3617,1
"1553",1469,3617,1
"1554",1470,3603,1
"1555",1471,3627,1
"1556",1472,3600,1
"1557",1473,3619,1
"1558",1474,3620,1
"1559",1475,3627,1
"1560",1476,3593,1
"1561",1477,3600,1
"1562",1478,3607,1
"1563",1479,3603,1
"1564",1480,3597,1
"1565",1481,3605,1
"1566",1482,3631,1
"1567",1483,3596,1
"1568",1484,3624,1
"1569",1485,3616,1
"1570",1486,3604,1
"1571",1487,3620,1
"1572",1488,3591,1
"1573",1489,3605,1
"1574",1490,3597,1
"1575",1491,3591,1
"1576",1492,3596,1
"1577",1493,3622,1
"1578",1494,3620,1
"1579",1495,3629,1
"1580",1496,3596,1
"1581",1497,3612,1
"1582",1498,3616,1
"1583",1499,3597,1
"1584",1500,3587,1
"1585",1501,3619,1
"1586",1502,3608,1
"1587",1503,3626,1
"1588",1504,3629,1
"1589",1505,3604,1
"1590",1506,3615,1
"1591",1507,3591,1
"1592",1507,3616,1
"1593",1508,3604,1
"1594",1509,3604,1
"1595",1510,3597,1
"1596",1511,3600,1
"1597",1512,3614,1
"1598",1513,3598,1
"1599",1514,3601,1
"1600",1515,3630,1
"1601",1515,3608,1
"1602",1516,3615,1
"1603",1515,3608,1
"1604",1517,3593,1
"1605",1518,3621,1
"1606",1519,3590,1
"1607",1520,3610,1
"1608",1521,3615,1
"1609",1522,3624,1
"1610",1523,3609,1
"1611",1524,3607,1
"1612",1525,3599,1
"1613",1526,3591,1
"1614",1527,3608,1
"1615",1528,3600,1
"1616",1529,3626,1
"1617",1530,3593,1
"1618",1531,3617,1
"1619",1532,3591,1
"1620",1533,3602,1
"1621",1534,3592,1
"1622",1532,3625,1
"1623",1532,3589,1
"1624",1535,3608,1
"1625",1536,3609,1
"1626",1537,3616,1
"1627",1538,3620,1
"1628",1539,3621,1
"1629",1540,3630,1
"1630",1541,3588,1
"1631",1542,3615,1
"1632",1543,3626,1
"1633",1544,3604,1
"1634",1545,3603,1
"1635",1546,3627,1
"1636",1547,3595,1
"1637",1548,3622,1
"1638",1549,3610,1
"1639",1550,3592,1
"1640",1551,3628,1
"1641",1552,3588,1
"1642",1553,3610,1
"1643",1554,3601,1
"1644",1555,3597,1
"1645",278,3594,1
"1646",1556,3606,1
"1647",1557,3597,1
"1648",1558,3612,1
"1649",1559,3608,1
"1650",1560,3608,1
"1651",1561,3608,1
"1652",1562,3602,1
"1653",1563,3597,1
"1654",1564,3616,1
"1655",1565,3602,1
"1656",1566,3621,1
"1657",1567,3630,1
"1658",1568,3632,1
"1659",1569,3585,1
"1660",1570,3613,1
"1661",1571,3606,1
"1662",1572,3617,1
"1663",1573,3612,1
"1664",1574,3632,1
"1665",1575,3613,1
"1666",1576,3621,1
"1667",1577,3605,1
"1668",1578,3616,1
"1669",1579,3588,1
"1670",1580,3598,1
"1671",1581,3621,1
"1672",1582,3598,1
"1673",1583,3621,1
"1674",1584,3628,1
"1675",1585,3609,1
"1676",1586,3620,1
"1677",1587,3621,1
"1678",1588,3587,1
"1679",1589,3630,1
"1680",1590,3625,1
"1681",1591,3617,1
"1682",1592,3626,1
"1683",1593,3618,1
"1684",1594,3625,1
"1685",1595,3615,1
"1686",1596,3613,1
"1687",1597,3625,1
"1688",1598,3616,1
"1689",1599,3626,1
"1690",1600,3594,1
"1691",1601,3609,1
"1692",1602,3597,1
"1693",1603,3602,1
"1694",1604,3622,1
"1695",1605,3602,1
"1696",1606,3591,1
"1697",1607,3588,1
"1698",1608,3613,1
"1699",1609,3607,1
"1700",1610,3599,1
"1701",1611,3597,1
"1702",1612,3631,1
"1703",1613,3612,1
"1704",1614,3620,1
"1705",1615,3601,1
"1706",1616,3589,1
"1707",1617,3609,1
"1708",1618,3586,1
"1709",1619,3588,1
"1710",1620,3602,1
"1711",1621,3632,1
"1712",1622,3591,1
"1713",1623,3629,1
"1714",1624,3595,1
"1715",1625,3606,1
"1716",1626,3600,1
"1717",1627,3621,1
"1718",1628,3591,1
"1719",1629,3612,1
"1720",1630,3608,1
"1721",1631,3616,1
"1722",1632,3606,1
"1723",1633,3593,1
"1724",1634,3614,1
"1725",1635,3606,1
"1726",1636,3620,1
"1727",1637,3623,1
"1728",1638,3625,1
"1729",1639,3626,1
"1730",1640,3607,1
"1731",1641,3603,1
"1732",1642,3585,1
"1733",1643,3619,1
"1734",1644,3621,1
"1735",1645,3603,1
"1736",1646,3629,1
"1737",1647,3592,1
"1738",1648,3602,1
"1739",1649,3631,1
"1740",1650,3631,1
"1741",1651,3605,1
"1742",1652,3607,1
"1743",1653,3612,1
"1744",1654,3612,1
"1745",1655,3607,1
"1746",1656,3602,1
"1747",1657,3630,1
"1748",1658,3608,1
"1749",1659,3616,1
"1750",1660,3607,1
"1751",1661,3621,1
"1752",1662,3615,1
"1753",1663,3627,1
"1754",1664,3587,1
"1755",1665,3598,1
"1756",1666,3592,1
"1757",1667,3587,1
"1758",1668,3610,1
"1759",1669,3613,1
"1760",1670,3585,1
"1761",1671,3613,1
"1762",1672,3602,1
"1763",1673,3585,1
"1764",1674,3619,1
"1765",1675,3590,1
"1766",1676,3590,1
"1767",1677,3629,1
"1768",1678,3587,1
"1769",1679,3585,1
"1770",1680,3617,1
"1771",1681,3609,1
"1772",1682,3604,1
"1773",1683,3597,1
"1774",1684,3620,1
"1775",1685,3610,1
"1776",1686,3601,1
"1777",1687,3587,1
"1778",1688,3601,1
"1779",1689,3629,1
"1780",1690,3614,1
"1781",1691,3594,1
"1782",1692,3628,1
"1783",1693,3586,1
"1784",1694,3612,1
"1785",1695,3587,1
"1786",1696,3594,1
"1787",1697,3600,1
"1788",1698,3605,1
"1789",1699,3601,1
"1790",1700,3616,1
"1791",1701,3608,1
"1792",1702,3608,1
"1793",1703,3631,1
"1794",1704,3617,1
"1795",1705,3619,1
"1796",1706,3627,1
"1797",1707,3610,1
"1798",1708,3630,1
"1799",1709,3597,1
"1800",1710,3608,1
"1801",1711,3601,1
"1802",1712,3589,1
"1803",1713,3597,1
"1804",1714,3608,1
"1805",1715,3586,1
"1806",1716,3596,1
"1807",1717,3632,1
"1808",1718,3618,1
"1809",1719,3599,1
"1810",1720,3608,1
"1811",1721,3606,1
"1812",1722,3603,1
"1813",1723,3586,1
"1814",1724,3618,1
"1815",1725,3619,1
"1816",1726,3588,1
"1817",1727,3596,1
"1818",1728,3586,1
"1819",1729,3600,1
"1820",1730,3628,1
"1821",1731,3586,1
"1822",1732,3587,1
"1823",1733,3586,1
"1824",1734,3589,1
"1825",1735,3587,1
"1826",1736,3598,1
"1827",1737,3628,1
"1828",1738,3596,1
"1829",1739,3589,1
"1830",1740,3598,1
"1831",1741,3626,1
"1832",1742,3621,1
"1833",1743,3587,1
"1834",1744,3592,1
"1835",1745,3596,1
"1836",1746,3617,1
"1837",1747,3632,1
"1838",1748,3625,1
"1839",1749,3598,1
"1840",1750,3625,1
"1841",1751,3596,1
"1842",1752,3592,1
"1843",1753,3620,1
"1844",1754,3596,1
"1845",1755,3603,1
"1846",1756,3617,1
"1847",1757,3601,1
"1848",1758,3600,1
"1849",1759,3598,1
"1850",1760,3591,1
"1851",1760,3589,1
"1852",1761,3587,1
"1853",1762,3626,1
"1854",1763,3609,1
"1855",1764,3592,1
"1856",1765,3587,1
"1857",1766,3594,1
"1858",1767,3587,1
"1859",1768,3600,1
"1860",1769,3606,1
"1861",1770,3630,1
"1862",1771,3628,1
"1863",1772,3593,1
"1864",1773,3619,1
"1865",1774,3587,1
"1866",1775,3602,1
"1867",1776,3620,1
"1868",1777,3607,1
"1869",1778,3594,1
"1870",1779,3608,1
"1871",1780,3615,1
"1872",1781,3597,1
"1873",1782,3621,1
"1874",1783,3613,1
"1875",1784,3585,1
"1876",1785,3631,1
"1877",1786,3597,1
"1878",1787,3586,1
"1879",1788,3628,1
"1880",1789,3586,1
"1881",1790,3616,1
"1882",1791,3594,1
"1883",1792,3597,1
"1884",1793,3598,1
"1885",1794,3613,1
"1886",1795,3587,1
"1887",1796,3608,1
"1888",1797,3609,1
"1889",1798,3594,1
"1890",1799,3597,1
"1891",1799,3626,1
"1892",1800,3590,1
"1893",1801,3629,1
"1894",1801,3603,1
"1895",1802,3621,1
"1896",1803,3621,1
"1897",1804,3586,1
"1898",1805,3633,1
"1899",1806,3592,1
"1900",1807,3609,1
"1901",1808,3594,1
"1902",1809,3621,1
"1903",1810,3632,1
"1904",1811,3592,1
"1905",1812,3592,1
"1906",1813,3605,1
"1907",1814,3623,1
"1908",1815,3623,1
"1909",1816,3599,1
"1910",1817,3607,1
"1911",1818,3618,1
"1912",1819,3610,1
"1913",1820,3607,1
"1914",1821,3588,1
"1915",1822,3625,1
"1916",1823,3587,1
"1917",1824,3631,1
"1918",1825,3611,1
"1919",1826,3593,1
"1920",1827,3627,1
"1921",1828,3611,1
"1922",1829,3587,1
"1923",1830,3633,1
"1924",1831,3623,1
"1925",1832,3632,1
"1926",1833,3596,1
"1927",1834,3606,1
"1928",1835,3610,1
"1929",1836,3586,1
"1930",1837,3623,1
"1931",1838,3623,1
"1932",1839,3603,1
"1933",1840,3604,1
"1934",1841,3604,1
"1935",1842,3622,1
"1936",1843,3599,1
"1937",1844,3627,1
"1938",1845,3622,1
"1939",1846,3628,1
"1940",1847,3623,1
"1941",1848,3611,1
"1942",1849,3604,1
"1943",1850,3625,1
"1944",1851,3615,1
"1945",1852,3586,1
"1946",1853,3599,1
"1947",1854,3629,1
"1948",1855,3625,1
"1949",1856,3595,1
"1950",1857,3609,1
"1951",1858,3596,1
"1952",1859,3597,1
"1953",1859,3586,1
"1954",1860,3624,1
"1955",1861,3626,1
"1956",1862,3586,1
"1957",1863,3602,1
"1958",1864,3599,1
"1959",1865,3598,1
"1960",1866,3622,1
"1961",1867,3629,1
"1962",1868,3610,1
"1963",1869,3605,1
"1964",1870,3608,1
"1965",1871,3628,1
"1966",1872,3628,1
"1967",1873,3604,1
"1968",1874,3609,1
"1969",1875,3613,1
"1970",1876,3618,1
"1971",1877,3597,1
"1972",1878,3602,1
"1973",1879,3601,1
"1974",1880,3601,1
"1975",1881,3589,1
"1976",1882,3601,1
"1977",1883,3601,1
"1978",1884,3601,1
"1979",1885,3597,1
"1980",1886,3595,1
"1981",1887,3600,1
"1982",1888,3598,1
"1983",1889,3616,1
"1984",1890,3609,1
"1985",1891,3596,1
"1986",1892,3596,1
"1987",1893,3607,1
"1988",1894,3596,1
"1989",1895,3609,1
"1990",1896,3596,1
"1991",1897,3621,1
"1992",1898,3627,1
"1993",1899,3591,1
"1994",1900,3597,1
"1995",1901,3597,1
"1996",1902,3609,1
"1997",1903,3590,1
"1998",1904,3616,1
"1999",1905,3586,1
"2000",1905,3587,1
"2001",1906,3633,1
"2002",1907,3616,1
"2003",1907,3596,1
"2004",1908,3585,1
"2005",1909,3631,1
"2006",1910,3616,1
"2007",1911,3631,1
"2008",1912,3624,1
"2009",1913,3614,1
"2010",1912,3596,1
"2011",1912,3596,1
"2012",1914,3609,1
"2013",1915,3615,1
"2014",1916,3615,1
"2015",1917,3607,1
"2016",1918,3607,1
"2017",1916,3630,1
"2018",1919,3626,1
"2019",1920,3616,1
"2020",1921,3590,1
"2021",1922,3602,1
"2022",1923,3597,1
"2023",1924,3588,1
"2024",1924,3588,1
"2025",1925,3595,1
"2026",1926,3631,1
"2027",1927,3615,1
"2028",1928,3588,1
"2029",1929,3588,1
"2030",1930,3607,1
"2031",1931,3591,1
"2032",1932,3609,1
"2033",1933,3595,1
"2034",1931,3603,1
"2035",1934,3603,1
"2036",1935,3598,1
"2037",1936,3593,1
"2038",1937,3587,1
"2039",1938,3615,1
"2040",1939,3596,1
"2041",1940,3616,1
"2042",1941,3633,1
"2043",1942,3616,1
"2044",1943,3614,1
"2045",1944,3627,1
"2046",1945,3591,1
"2047",1946,3596,1
"2048",1947,3621,1
"2049",1948,3620,1
"2050",1949,3592,1
"2051",1950,3609,1
"2052",1951,3596,1
"2053",1952,3618,1
"2054",1953,3613,1
"2055",1954,3624,1
"2056",1955,3615,1
"2057",1956,3620,1
"2058",1957,3620,1
"2059",1958,3614,1
"2060",1959,3596,1
"2061",1960,3609,1
"2062",1961,3607,1
"2063",1962,3607,1
"2064",1963,3585,1
"2065",1964,3625,1
"2066",1965,3625,1
"2067",1966,3628,1
"2068",1967,3601,1
"2069",1968,3624,1
"2070",1969,3626,1
"2071",1970,3616,1
"2072",1971,3587,1
"2073",1972,3597,1
"2074",1973,3592,1
"2075",1974,3615,1
"2076",1975,3602,1
"2077",1976,3633,1
"2078",1977,3595,1
"2079",1978,3609,1
"2080",1979,3619,1
"2081",1980,3600,1
"2082",1981,3633,1
"2083",1982,3609,1
"2084",1983,3634,1
"2085",1984,3612,1
"2086",1985,3591,1
"2087",1986,3616,1
"2088",1987,3600,1
"2089",1988,3625,1
"2090",1989,3622,1
"2091",1990,3613,1
"2092",1991,3621,1
"2093",1992,3606,1
"2094",1993,3619,1
"2095",1994,3622,1
"2096",1995,3622,1
"2097",1996,3585,1
"2098",1997,3614,1
"2099",1998,3596,1
"2100",1999,3594,1
"2101",2000,3622,1
"2102",2001,3596,1
"2103",2002,3629,1
"2104",1972,3598,1
"2105",1973,3597,1
"2106",2003,3594,1
"2107",2004,3633,1
"2108",2005,3596,1
"2109",2005,3596,1
"2110",2006,3594,1
"2111",2007,3615,1
"2112",2008,3602,1
"2113",2009,3620,1
"2114",2010,3587,1
"2115",2011,3585,1
"2116",2012,3630,1
"2117",2013,3631,1
"2118",2014,3594,1
"2119",2015,3590,1
"2120",2016,3616,1
"2121",2017,3596,1
"2122",2018,3607,1
"2123",2019,3590,1
"2124",2020,3585,1
"2125",2021,3602,1
"2126",2022,3594,1
"2127",2023,3585,1
"2128",2024,3615,1
"2129",2023,3597,1
"2130",2025,3617,1
"2131",2026,3613,1
"2132",2027,3597,1
"2133",2028,3615,1
"2134",2029,3600,1
"2135",2030,3622,1
"2136",2031,3591,1
"2137",2032,3616,1
"2138",2033,3594,1
"2139",2034,3607,1
"2140",2035,3633,1
"2141",2036,3593,1
"2142",2037,3585,1
"2143",2038,3600,1
"2144",2039,3598,1
"2145",2040,3616,1
"2146",2041,3612,1
"2147",2042,3613,1
"2148",2043,3612,1
"2149",2044,3602,1
"2150",2045,3632,1
"2151",2046,3631,1
"2152",2047,3597,1
"2153",2048,3611,1
"2154",2049,3633,1
"2155",2050,3589,1
"2156",2051,3594,1
"2157",2052,3593,1
"2158",2053,3595,1
"2159",2054,3612,1
"2160",2055,3597,1
"2161",2056,3603,1
"2162",2057,3615,1
"2163",2058,3633,1
"2164",2059,3634,1
"2165",2060,3593,1
"2166",2061,3623,1
"2167",2062,3598,1
"2168",2063,3602,1
"2169",2064,3588,1
"2170",2065,3609,1
"2171",2066,3612,1
"2172",2067,3598,1
"2173",2068,3588,1
"2174",2069,3631,1
"2175",2070,3597,1
"2176",2071,3597,1
"2177",2072,3609,1
"2178",2073,3600,1
"2179",2074,3607,1
"2180",2075,3619,1
"2181",2076,3600,1
"2182",2077,3609,1
"2183",2078,3592,1
"2184",2079,3603,1
"2185",2080,3609,1
"2186",2081,3594,1
"2187",2082,3594,1
"2188",2083,3594,1
"2189",2084,3606,1
"2190",2085,3594,1
"2191",2085,3611,1
"2192",2086,3631,1
"2193",2087,3610,1
"2194",2088,3607,1
"2195",2089,3617,1
"2196",2090,3621,1
"2197",2091,3597,1
"2198",2092,3594,1
"2199",2093,3616,1
"2200",2094,3631,1
"2201",2095,3609,1
"2202",2096,3590,1
"2203",2097,3617,1
"2204",2098,3585,1
"2205",2099,3606,1
"2206",2100,3586,1
"2207",2101,3585,1
"2208",2102,3608,1
"2209",2103,3593,1
"2210",2104,3614,1
"2211",2105,3608,1
"2212",2106,3612,1
"2213",2107,3596,1
"2214",2108,3588,1
"2215",2109,3586,1
"2216",2110,3597,1
"2217",2111,3614,1
"2218",2112,3625,1
"2219",2113,3624,1
"2220",2114,3585,1
"2221",2114,3616,1
"2222",2115,3616,1
"2223",2116,3596,1
"2224",2117,3614,1
"2225",2118,3614,1
"2226",2119,3599,1
"2227",2120,3617,1
"2228",2121,3627,1
"2229",2122,3590,1
"2230",2123,3620,1
"2231",2124,3594,1
"2232",2125,3634,1
"2233",2044,3614,1
"2234",2126,3591,1
"2235",2127,3605,1
"2236",2128,3586,1
"2237",2129,3603,1
"2238",2130,3602,1
"2239",2131,3604,1
"2240",2132,3591,1
"2241",2133,3600,1
"2242",2134,3609,1
"2243",2135,3591,1
"2244",2136,3616,1
"2245",2137,3593,1
"2246",2138,3615,1
"2247",2139,3608,1
"2248",2140,3624,1
"2249",2141,3587,1
"2250",2142,3591,1
"2251",2143,3616,1
"2252",2144,3596,1
"2253",2145,3585,1
"2254",2146,3609,1
"2255",2147,3617,1
"2256",2148,3596,1
"2257",2149,3597,1
"2258",2150,3594,1
"2259",2151,3616,1
"2260",2152,3609,1
"2261",2153,3613,1
"2262",2154,3606,1
"2263",2155,3591,1
"2264",2156,3585,1
"2265",2157,3615,1
"2266",2158,3595,1
"2267",2159,3607,1
"2268",2160,3626,1
"2269",2161,3613,1
"2270",2162,3597,1
"2271",2163,3607,1
"2272",2164,3607,1
"2273",2165,3588,1
"2274",2166,3616,1
"2275",2167,3596,1
"2276",2168,3609,1
"2277",2169,3609,1
"2278",2170,3629,1
"2279",2144,3596,1
"2280",2171,3600,1
"2281",2146,3609,1
"2282",2172,3616,1
"2283",2173,3616,1
"2284",2174,3607,1
"2285",2147,3616,1
"2286",2175,3592,1
"2287",2151,3617,1
"2288",2176,3616,1
"2289",2177,3609,1
"2290",2178,3611,1
"2291",2179,3598,1
"2292",2180,3597,1
"2293",2181,3597,1
"2294",2182,3594,1
"2295",2181,3616,1
"2296",2183,3626,1
"2297",2184,3633,1
"2298",2185,3586,1
"2299",2186,3596,1
"2300",2187,3587,1
"2301",2188,3596,1
"2302",2189,3631,1
"2303",2190,3634,1
"2304",2191,3594,1
"2305",2192,3607,1
"2306",2193,3590,1
"2307",2194,3599,1
"2308",2195,3618,1
"2309",2196,3620,1
"2310",2196,3607,1
"2311",2197,3588,1
"2312",2198,3597,1
"2313",2199,3595,1
"2314",2200,3609,1
"2315",2201,3616,1
"2316",2202,3634,1
"2317",2203,3597,1
"2318",2204,3604,1
"2319",2205,3595,1
"2320",2206,3595,1
"2321",2205,3612,1
"2322",2207,3618,1
"2323",2208,3609,1
"2324",2209,3590,1
"2325",2210,3595,1
"2326",2211,3599,1
"2327",2212,3629,1
"2328",2213,3610,1
"2329",2214,3593,1
"2330",2215,3588,1
"2331",2216,3585,1
"2332",2217,3598,1
"2333",2218,3600,1
"2334",2219,3604,1
"2335",2220,3586,1
"2336",2202,3617,1
"2337",2221,3618,1
"2338",2222,3628,1
"2339",2223,3603,1
"2340",2224,3622,1
"2341",2225,3606,1
"2342",2208,3628,1
"2343",2226,3598,1
"2344",2226,3585,1
"2345",2227,3631,1
"2346",2228,3627,1
"2347",2229,3595,1
"2348",2230,3620,1
"2349",2231,3628,1
"2350",2232,3591,1
"2351",2233,3598,1
"2352",2234,3617,1
"2353",2235,3633,1
"2354",2236,3594,1
"2355",2237,3607,1
"2356",2238,3601,1
"2357",2239,3618,1
"2358",2240,3596,1
"2359",2241,3594,1
"2360",2242,3618,1
"2361",2243,3597,1
"2362",2244,3609,1
"2363",2245,3590,1
"2364",2246,3586,1
"2365",2247,3594,1
"2366",2248,3590,1
"2367",2249,3610,1
"2368",2250,3619,1
"2369",2251,3599,1
"2370",2252,3626,1
"2371",2253,3620,1
"2372",2254,3620,1
"2373",2255,3631,1
"2374",2256,3585,1
"2375",2257,3601,1
"2376",2258,3597,1
"2377",2259,3626,1
"2378",2260,3634,1
"2379",2261,3620,1
"2380",2262,3592,1
"2381",2263,3596,1
"2382",2264,3590,1
"2383",2265,3589,1
"2384",2266,3591,1
"2385",2267,3604,1
"2386",2268,3621,1
"2387",2269,3607,1
"2388",2270,3616,1
"2389",2271,3605,1
"2390",2245,3631,1
"2391",2272,3589,1
"2392",2273,3589,1
"2393",2274,3596,1
"2394",2275,3615,1
"2395",2276,3620,1
"2396",2257,3612,1
"2397",2257,3603,1
"2398",2277,3630,1
"2399",2278,3610,1
"2400",2279,3603,1
"2401",2280,3598,1
"2402",2281,3631,1
"2403",2282,3588,1
"2404",2283,3588,1
"2405",2284,3624,1
"2406",2285,3595,1
"2407",2286,3619,1
"2408",2287,3597,1
"2409",2287,3607,1
"2410",2288,3602,1
"2411",2289,3600,1
"2412",2290,3597,1
"2413",2291,3624,1
"2414",2292,3602,1
"2415",2292,3615,1
"2416",2293,3596,1
"2417",2294,3594,1
"2418",2295,3616,1
"2419",2296,3596,1
"2420",2297,3620,1
"2421",2298,3597,1
"2422",2299,3627,1
"2423",2300,3607,1
"2424",2301,3611,1
"2425",2302,3594,1
"2426",2303,3594,1
"2427",2304,3623,1
"2428",2305,3588,1
"2429",2306,3614,1
"2430",2306,3600,1
"2431",2307,3592,1
"2432",2308,3634,1
"2433",2309,3623,1
"2434",2310,3603,1
"2435",2311,3624,1
"2436",2311,3586,1
"2437",2312,3586,1
"2438",2313,3611,1
"2439",2314,3620,1
"2440",2315,3592,1
"2441",2316,3600,1
"2442",2317,3621,1
"2443",2318,3608,1
"2444",2319,3591,1
"2445",2318,3613,1
"2446",2320,3594,1
"2447",2321,3634,1
"2448",2322,3623,1
"2449",2323,3624,1
"2450",2324,3596,1
"2451",2324,3605,1
"2452",2325,3603,1
"2453",2326,3597,1
"2454",2327,3634,1
"2455",2328,3616,1
"2456",2329,3607,1
"2457",2330,3595,1
"2458",2330,3605,1
"2459",2331,3595,1
"2460",2332,3593,1
"2461",2333,3623,1
"2462",2334,3603,1
"2463",2335,3594,1
"2464",2336,3628,1
"2465",2336,3601,1
"2466",2337,3630,1
"2467",2337,3626,1
"2468",2338,3630,1
"2469",2339,3612,1
"2470",2340,3605,1
"2471",2341,3615,1
"2472",2342,3585,1
"2473",2343,3615,1
"2474",2344,3616,1
"2475",2345,3595,1
"2476",2346,3616,1
"2477",2347,3585,1
"2478",2348,3592,1
"2479",2349,3620,1
"2480",2350,3618,1
"2481",2351,3608,1
"2482",2352,3621,1
"2483",2353,3609,1
"2484",2354,3632,1
"2485",2355,3598,1
"2486",2356,3608,1
"2487",2357,3594,1
"2488",2358,3598,1
"2489",2359,3618,1
"2490",2360,3604,1
"2491",2361,3628,1
"2492",2361,3607,1
"2493",2362,3612,1
"2494",2363,3633,1
"2495",2364,3600,1
"2496",2365,3596,1
"2497",2366,3596,1
"2498",2367,3609,1
"2499",2368,3612,1
"2500",2369,3588,1
"2501",2370,3610,1
"2502",2371,3604,1
"2503",2372,3627,1
"2504",2373,3612,1
"2505",2374,3631,1
"2506",2375,3594,1
"2507",2376,3604,1
"2508",2377,3593,1
"2509",2378,3618,1
"2510",2379,3593,1
"2511",2380,3604,1
"2512",2381,3622,1
"2513",2382,3633,1
"2514",2383,3612,1
"2515",2384,3617,1
"2516",2385,3592,1
"2517",2386,3592,1
"2518",2387,3593,1
"2519",2388,3628,1
"2520",2389,3620,1
"2521",2390,3599,1
"2522",2391,3605,1
"2523",2392,3599,1
"2524",2393,3616,1
"2525",2394,3611,1
"2526",2395,3598,1
"2527",2396,3607,1
"2528",2397,3622,1
"2529",2398,3609,1
"2530",2399,3628,1
"2531",2400,3629,1
"2532",2401,3585,1
"2533",2402,3589,1
"2534",2403,3614,1
"2535",2404,3590,1
"2536",2405,3604,1
"2537",2406,3595,1
"2538",2407,3612,1
"2539",2408,3608,1
"2540",2409,3608,1
"2541",2410,3603,1
"2542",2411,3595,1
"2543",2412,3625,1
"2544",2413,3632,1
"2545",2414,3618,1
"2546",2415,3618,1
"2547",2416,3591,1
"2548",2417,3616,1
"2549",2418,3621,1
"2550",2419,3613,1
"2551",2420,3595,1
"2552",2421,3615,1
"2553",2422,3616,1
"2554",2423,3626,1
"2555",2424,3607,1
"2556",2423,3595,1
"2557",2425,3631,1
"2558",2426,3604,1
"2559",2427,3602,1
"2560",2428,3613,1
"2561",2429,3628,1
"2562",2430,3613,1
"2563",2431,3619,1
"2564",2432,3626,1
"2565",2432,3619,1
"2566",2433,3612,1
"2567",2434,3590,1
"2568",2435,3600,1
"2569",2436,3593,1
"2570",2437,3632,1
"2571",2438,3606,1
"2572",2439,3606,1
"2573",2440,3625,1
"2574",2440,3599,1
"2575",2441,3597,1
"2576",2441,3615,1
"2577",2442,3592,1
"2578",2443,3594,1
"2579",2444,3602,1
"2580",2445,3609,1
"2581",2446,3609,1
"2582",2447,3600,1
"2583",2448,3612,1
"2584",2449,3620,1
"2585",2450,3620,1
"2586",2451,3623,1
"2587",2452,3598,1
"2588",2453,3621,1
"2589",2453,3596,1
"2590",2454,3591,1
"2591",2455,3602,1
"2592",2456,3620,1
"2593",2457,3588,1
"2594",2458,3629,1
"2595",2459,3588,1
"2596",2460,3613,1
"2597",2461,3588,1
"2598",2462,3609,1
"2599",2463,3609,1
"2600",2464,3600,1
"2601",2465,3592,1
"2602",2465,3606,1
"2603",2466,3588,1
"2604",2467,3585,1
"2605",2467,3631,1
"2606",2468,3597,1
"2607",2469,3596,1
"2608",2470,3616,1
"2609",2471,3625,1
"2610",2472,3595,1
"2611",2473,3595,1
"2612",2474,3596,1
"2613",2475,3591,1
"2614",2476,3595,1
"2615",2477,3629,1
"2616",2478,3600,1
"2617",2479,3591,1
"2618",2480,3611,1
"2619",2481,3615,1
"2620",2482,3614,1
"2621",2483,3625,1
"2622",2484,3632,1
"2623",2484,3595,1
"2624",2485,3625,1
"2625",2486,3591,1
"2626",2487,3600,1
"2627",2488,3585,1
"2628",2489,3615,1
"2629",2490,3592,1
"2630",2491,3599,1
"2631",2492,3601,1
"2632",2493,3599,1
"2633",2494,3595,1
"2634",2495,3625,1
"2635",2495,3592,1
"2636",2496,3591,1
"2637",2497,3611,1
"2638",2498,3592,1
"2639",2499,3609,1
"2640",2500,3592,1
"2641",2501,3623,1
"2642",2502,3600,1
"2643",2503,3589,1
"2644",2504,3599,1
"2645",2505,3598,1
"2646",2506,3587,1
"2647",2507,3600,1
"2648",2508,3618,1
"2649",2509,3595,1
"2650",2510,3590,1
"2651",2511,3599,1
"2652",2512,3600,1
"2653",2513,3624,1
"2654",2514,3607,1
"2655",2515,3599,1
"2656",2516,3605,1
"2657",2517,3608,1
"2658",2518,3600,1
"2659",2519,3600,1
"2660",2520,3591,1
"2661",2521,3626,1
"2662",2522,3599,1
"2663",2523,3591,1
"2664",2523,3602,1
"2665",2524,3591,1
"2666",2525,3599,1
"2667",2526,3587,1
"2668",2527,3609,1
"2669",2528,3596,1
"2670",2529,3634,1
"2671",2530,3615,1
"2672",2531,3626,1
"2673",2532,3615,1
"2674",2533,3634,1
"2675",2534,3595,1
"2676",2535,3597,1
"2677",2536,3585,1
"2678",2537,3607,1
"2679",2538,3628,1
"2680",2539,3599,1
"2681",2540,3614,1
"2682",2541,3633,1
"2683",2542,3614,1
"2684",2543,3595,1
"2685",2544,3631,1
"2686",2545,3611,1
"2687",2546,3614,1
"2688",2547,3633,1
"2689",2548,3600,1
"2690",2549,3602,1
"2691",2550,3609,1
"2692",2551,3600,1
"2693",2552,3595,1
"2694",2553,3600,1
"2695",2554,3595,1
"2696",2555,3591,1
"2697",2556,3599,1
"2698",2557,3586,1
"2699",2558,3624,1
"2700",2559,3634,1
"2701",2560,3597,1
"2702",2561,3593,1
"2703",2562,3591,1
"2704",2563,3618,1
"2705",2564,3599,1
"2706",2565,3633,1
"2707",2566,3628,1
"2708",2567,3626,1
"2709",2568,3597,1
"2710",2569,3614,1
"2711",2570,3595,1
"2712",2571,3629,1
"2713",2572,3609,1
"2714",2573,3599,1
"2715",2574,3633,1
"2716",2575,3625,1
"2717",2576,3588,1
"2718",2577,3614,1
"2719",2578,3590,1
"2720",2579,3631,1
"2721",2580,3593,1
"2722",2581,3611,1
"2723",2582,3585,1
"2724",2583,3608,1
"2725",2584,3624,1
"2726",2585,3621,1
"2727",2586,3589,1
"2728",2587,3597,1
"2729",2588,3594,1
"2730",2589,3609,1
"2731",2590,3600,1
"2732",2591,3593,1
"2733",2592,3602,1
"2734",2593,3588,1
"2735",2594,3596,1
"2736",2595,3599,1
"2737",2596,3609,1
"2738",2597,3600,1
"2739",2598,3600,1
"2740",2599,3614,1
"2741",2600,3595,1
"2742",2601,3600,1
"2743",2602,3607,1
"2744",2603,3630,1
"2745",2604,3630,1
"2746",2605,3609,1
"2747",2606,3621,1
"2748",2607,3608,1
"2749",2608,3608,1
"2750",2609,3610,1
"2751",2610,3602,1
"2752",2611,3608,1
"2753",2612,3598,1
"2754",2613,3597,1
"2755",2614,3597,1
"2756",2615,3616,1
"2757",2616,3593,1
"2758",2617,3600,1
"2759",2618,3617,1
"2760",2619,3592,1
"2761",2620,3588,1
"2762",2621,3599,1
"2763",2622,3633,1
"2764",2623,3632,1
"2765",2624,3633,1
"2766",2625,3595,1
"2767",2626,3628,1
"2768",2627,3592,1
"2769",2628,3592,1
"2770",2629,3587,1
"2771",2630,3615,1
"2772",2631,3599,1
"2773",2632,3629,1
"2774",2633,3595,1
"2775",2634,3599,1
"2776",2635,3633,1
"2777",2636,3621,1
"2778",2637,3598,1
"2779",2638,3600,1
"2780",2639,3633,1
"2781",2640,3587,1
"2782",2641,3620,1
"2783",2642,3630,1
"2784",2643,3626,1
"2785",2644,3609,1
"2786",2645,3595,1
"2787",2646,3617,1
"2788",2647,3604,1
"2789",2648,3595,1
"2790",2649,3600,1
"2791",2650,3595,1
"2792",2651,3598,1
"2793",2652,3617,1
"2794",2653,3598,1
"2795",2654,3599,1
"2796",2655,3618,1
"2797",2656,3593,1
"2798",2657,3615,1
"2799",2658,3609,1
"2800",2659,3595,1
"2801",2660,3591,1
"2802",2661,3611,1
"2803",2662,3598,1
"2804",2663,3613,1
"2805",2664,3615,1
"2806",2665,3630,1
"2807",2666,3624,1
"2808",2667,3593,1
"2809",2668,3611,1
"2810",2669,3620,1
"2811",2670,3608,1
"2812",2671,3596,1
"2813",2672,3592,1
"2814",2673,3607,1
"2815",2674,3597,1
"2816",2675,3592,1
"2817",2676,3607,1
"2818",2677,3596,1
"2819",2678,3631,1
"2820",2679,3601,1
"2821",2680,3601,1
"2822",2681,3609,1
"2823",2681,3591,1
"2824",2682,3616,1
"2825",2683,3599,1
"2826",2684,3599,1
"2827",2685,3609,1
"2828",2686,3629,1
"2829",2687,3599,1
"2830",2688,3612,1
"2831",2689,3609,1
"2832",2690,3609,1
"2833",2691,3600,1
"2834",2692,3633,1
"2835",2693,3600,1
"2836",2694,3629,1
"2837",2695,3615,1
"2838",2696,3599,1
"2839",2697,3594,1
"2840",2698,3624,1
"2841",2699,3588,1
"2842",2700,3624,1
"2843",2701,3618,1
"2844",2702,3626,1
"2845",2702,3600,1
"2846",2703,3625,1
"2847",2704,3629,1
"2848",2704,3620,1
"2849",2705,3585,1
"2850",2706,3589,1
"2851",2707,3604,1
"2852",2708,3618,1
"2853",2709,3621,1
"2854",2710,3634,1
"2855",2711,3607,1
"2856",2712,3585,1
"2857",2713,3598,1
"2858",2714,3600,1
"2859",2714,3629,1
"2860",2715,3593,1
"2861",2716,3610,1
"2862",2717,3596,1
"2863",2718,3590,1
"2864",2719,3625,1
"2865",2720,3588,1
"2866",2721,3620,1
"2867",2721,3632,1
"2868",2722,3619,1
"2869",2723,3617,1
"2870",2724,3634,1
"2871",2725,3598,1
"2872",2726,3587,1
"2873",2727,3595,1
"2874",2728,3632,1
"2875",2729,3602,1
"2876",2730,3626,1
"2877",2731,3587,1
"2878",2732,3585,1
"2879",2733,3627,1
"2880",2734,3592,1
"2881",2735,3626,1
"2882",2736,3620,1
"2883",2737,3630,1
"2884",2738,3604,1
"2885",2739,3600,1
"2886",2740,3589,1
"2887",2741,3585,1
"2888",2742,3624,1
"2889",2743,3616,1
"2890",2744,3595,1
"2891",2744,3626,1
"2892",2745,3596,1
"2893",2746,3620,1
"2894",2747,3600,1
"2895",2748,3625,1
"2896",2749,3621,1
"2897",2750,3594,1
"2898",2751,3604,1
"2899",2752,3604,1
"2900",2753,3617,1
"2901",2754,3585,1
"2902",2755,3614,1
"2903",2755,3590,1
"2904",2755,3603,1
"2905",2756,3616,1
"2906",2757,3591,1
"2907",2758,3596,1
"2908",2759,3615,1
"2909",2759,3591,1
"2910",2760,3591,1
"2911",2759,3591,1
"2912",2761,3611,1
"2913",2762,3634,1
"2914",2762,3593,1
"2915",2763,3590,1
"2916",2763,3627,1
"2917",2763,3591,1
"2918",2764,3596,1
"2919",2765,3614,1
"2920",2766,3590,1
"2921",2767,3614,1
"2922",2768,3602,1
"2923",2768,3634,1
"2924",2769,3600,1
"2925",2770,3614,1
"2926",2771,3623,1
"2927",2772,3621,1
"2928",2772,3606,1
"2929",2772,3616,1
"2930",2773,3588,1
"2931",2774,3611,1
"2932",2775,3595,1
"2933",2775,3586,1
"2934",2776,3606,1
"2935",2777,3605,1
"2936",2778,3589,1
"2937",2779,3632,1
"2938",2780,3586,1
"2939",2780,3609,1
"2940",2781,3615,1
"2941",2782,3626,1
"2942",2783,3632,1
"2943",2784,3594,1
"2944",2785,3609,1
"2945",2785,3591,1
"2946",2786,3618,1
"2947",2787,3595,1
"2948",2788,3615,1
"2949",2789,3615,1
"2950",2790,3630,1
"2951",2791,3586,1
"2952",2792,3597,1
"2953",2793,3597,1
"2954",2794,3619,1
"2955",2795,3615,1
"2956",2796,3632,1
"2957",2797,3616,1
"2958",2798,3615,1
"2959",2799,3590,1
"2960",2800,3586,1
"2961",2801,3617,1
"2962",2802,3612,1
"2963",2803,3634,1
"2964",2804,3598,1
"2965",2805,3621,1
"2966",2806,3613,1
"2967",2807,3587,1
"2968",2808,3585,1
"2969",2809,3600,1
"2970",2810,3598,1
"2971",2811,3586,1
"2972",2812,3592,1
"2973",2813,3591,1
"2974",2814,3613,1
"2975",2815,3633,1
"2976",2816,3620,1
"2977",2817,3620,1
"2978",2818,3587,1
"2979",2819,3626,1
"2980",2820,3597,1
"2981",2821,3627,1
"2982",2822,3620,1
"2983",2823,3594,1
"2984",2824,3602,1
"2985",2825,3601,1
"2986",2826,3587,1
"2987",2827,3602,1
"2988",2828,3585,1
"2989",2829,3593,1
"2990",2830,3594,1
"2991",2831,3614,1
"2992",2832,3598,1
"2993",2833,3589,1
"2994",2834,3590,1
"2995",2835,3609,1
"2996",2836,3609,1
"2997",2837,3589,1
"2998",2838,3620,1
"2999",2839,3598,1
"3000",2840,3597,1
"3001",2841,3632,1
"3002",2842,3603,1
"3003",2843,3631,1
"3004",2844,3599,1
"3005",2845,3631,1
"3006",2846,3600,1
"3007",2847,3626,1
"3008",2848,3620,1
"3009",2849,3615,1
"3010",2850,3606,1
"3011",2851,3598,1
"3012",2852,3621,1
"3013",2853,3596,1
"3014",2854,3612,1
"3015",2855,3596,1
"3016",2856,3598,1
"3017",2857,3592,1
"3018",2858,3598,1
"3019",2859,3600,1
"3020",2860,3632,1
"3021",2861,3613,1
"3022",2862,3593,1
"3023",2863,3606,1
"3024",2864,3625,1
"3025",2865,3627,1
"3026",2866,3633,1
"3027",2867,3593,1
"3028",2868,3610,1
"3029",2869,3613,1
"3030",2870,3598,1
"3031",2871,3587,1
"3032",2872,3587,1
"3033",2873,3606,1
"3034",2874,3628,1
"3035",2875,3616,1
"3036",2876,3589,1
"3037",2876,3624,1
"3038",2877,3596,1
"3039",2878,3586,1
"3040",2879,3616,1
"3041",2880,3620,1
"3042",2881,3586,1
"3043",2881,3605,1
"3044",2882,3602,1
"3045",2883,3602,1
"3046",2884,3609,1
"3047",2885,3632,1
"3048",2885,3592,1
"3049",2886,3616,1
"3050",2887,3587,1
"3051",2888,3620,1
"3052",2889,3615,1
"3053",2890,3626,1
"3054",2891,3626,1
"3055",2892,3623,1
"3056",2893,3598,1
"3057",2894,3602,1
"3058",2895,3608,1
"3059",2896,3608,1
"3060",2897,3621,1
"3061",2898,3624,1
"3062",2898,3596,1
"3063",2899,3633,1
"3064",2899,3591,1
"3065",2900,3622,1
"3066",2901,3596,1
"3067",2902,3609,1
"3068",2902,3624,1
"3069",2903,3607,1
"3070",2904,3602,1
"3071",2905,3602,1
"3072",2903,3632,1
"3073",2906,3590,1
"3074",2906,3615,1
"3075",2907,3633,1
"3076",2907,3596,1
"3077",2908,3589,1
"3078",2909,3632,1
"3079",2909,3632,1
"3080",2910,3624,1
"3081",2911,3587,1
"3082",2912,3612,1
"3083",2913,3614,1
"3084",2914,3593,1
"3085",2915,3593,1
"3086",2915,3602,1
"3087",2916,3593,1
"3088",2917,3597,1
"3089",2918,3597,1
"3090",2919,3609,1
"3091",2920,3622,1
"3092",2921,3601,1
"3093",2922,3602,1
"3094",2923,3592,1
"3095",2924,3589,1
"3096",2925,3608,1
"3097",2926,3631,1
"3098",2927,3598,1
"3099",2928,3621,1
"3100",2929,3585,1
"3101",2930,3622,1
"3102",2931,3613,1
"3103",2932,3602,1
"3104",2933,3611,1
"3105",2934,3592,1
"3106",2935,3607,1
"3107",2936,3629,1
"3108",2937,3609,1
"3109",2938,3613,1
"3110",2939,3592,1
"3111",2940,3588,1
"3112",2941,3606,1
"3113",2941,3613,1
"3114",2942,3607,1
"3115",2943,3602,1
"3116",2944,3631,1
"3117",2945,3602,1
"3118",2945,3585,1
"3119",2946,3587,1
"3120",2947,3599,1
"3121",2948,3597,1
"3122",2948,3585,1
"3123",2949,3618,1
"3124",2950,3626,1
"3125",2951,3624,1
"3126",2952,3586,1
"3127",2953,3621,1
"3128",2954,3591,1
"3129",2955,3591,1
"3130",2956,3607,1
"3131",2957,3588,1
"3132",2958,3606,1
"3133",2959,3588,1
"3134",2960,3590,1
"3135",2961,3629,1
"3136",2962,3623,1
"3137",2963,3608,1
"3138",2964,3592,1
"3139",2965,3587,1
"3140",2966,3617,1
"3141",2967,3617,1
"3142",2968,3620,1
"3143",2969,3618,1
"3144",2970,3598,1
"3145",2971,3586,1
"3146",2972,3615,1
"3147",2973,3601,1
"3148",2974,3616,1
"3149",2975,3602,1
"3150",2976,3602,1
"3151",2977,3602,1
"3152",2978,3602,1
"3153",2979,3615,1
"3154",2980,3608,1
"3155",2981,3615,1
"3156",2982,3614,1
"3157",2983,3614,1
"3158",2984,3592,1
"3159",2985,3612,1
"3160",2986,3634,1
"3161",2987,3609,1
"3162",2988,3609,1
"3163",2989,3593,1
"3164",2990,3615,1
"3165",2991,3618,1
"3166",2992,3588,1
"3167",2993,3600,1
"3168",2994,3588,1
"3169",2995,3631,1
"3170",2996,3600,1
"3171",2997,3624,1
"3172",2998,3632,1
"3173",2999,3602,1
"3174",3000,3627,1
"3175",3001,3603,1
"3176",3002,3590,1
"3177",3003,3598,1
"3178",3004,3634,1
"3179",3005,3619,1
"3180",3006,3616,1
"3181",3007,3592,1
"3182",3008,3609,1
"3183",3009,3621,1
"3184",3010,3599,1
"3185",3011,3633,1
"3186",3012,3610,1
"3187",3013,3619,1
"3188",3014,3611,1
"3189",3015,3608,1
"3190",3016,3620,1
"3191",3017,3596,1
"3192",3018,3613,1
"3193",3019,3605,1
"3194",3020,3587,1
"3195",3021,3619,1
"3196",3022,3593,1
"3197",3022,3606,1
"3198",3023,3602,1
"3199",3024,3621,1
"3200",3025,3590,1
"3201",3026,3618,1
"3202",3027,3623,1
"3203",3028,3618,1
"3204",3029,3629,1
"3205",3030,3634,1
"3206",3031,3595,1
"3207",3032,3617,1
"3208",3033,3626,1
"3209",3034,3616,1
"3210",3035,3610,1
"3211",3036,3627,1
"3212",3037,3608,1
"3213",3038,3612,1
"3214",3039,3593,1
"3215",3040,3608,1
"3216",3041,3592,1
"3217",3041,3597,1
"3218",3042,3631,1
"3219",3043,3616,1
"3220",3044,3599,1
"3221",3045,3625,1
"3222",3046,3593,1
"3223",3047,3603,1
"3224",3048,3618,1
"3225",3049,3608,1
"3226",3050,3590,1
"3227",3051,3599,1
"3228",3052,3595,1
"3229",3051,3628,1
"3230",3053,3607,1
"3231",3054,3586,1
"3232",3055,3586,1
"3233",3056,3612,1
"3234",3057,3602,1
"3235",3058,3605,1
"3236",3059,3628,1
"3237",3060,3605,1
"3238",3061,3596,1
"3239",3062,3593,1
"3240",3062,3596,1
"3241",3063,3585,1
"3242",3064,3616,1
"3243",3065,3590,1
"3244",3065,3586,1
"3245",3066,3602,1
"3246",3067,3613,1
"3247",3068,3607,1
"3248",3069,3632,1
"3249",3070,3587,1
"3250",3071,3631,1
"3251",3072,3613,1
"3252",3072,3625,1
"3253",3073,3605,1
"3254",3074,3602,1
"3255",3075,3612,1
"3256",3076,3628,1
"3257",3077,3622,1
"3258",3078,3585,1
"3259",3079,3601,1
"3260",3080,3604,1
"3261",3081,3619,1
"3262",3076,3590,1
"3263",3082,3605,1
"3264",3083,3631,1
"3265",3084,3601,1
"3266",3085,3601,1
"3267",3086,3607,1
"3268",3087,3590,1
"3269",3088,3608,1
"3270",3089,3590,1
"3271",3090,3596,1
"3272",3091,3619,1
"3273",3092,3595,1
"3274",3093,3619,1
"3275",3094,3626,1
"3276",3095,3591,1
"3277",3096,3631,1
"3278",3097,3604,1
"3279",3098,3591,1
"3280",3099,3607,1
"3281",3100,3587,1
"3282",3101,3615,1
"3283",3102,3595,1
"3284",3103,3587,1
"3285",3104,3615,1
"3286",3105,3615,1
"3287",3106,3609,1
"3288",3107,3586,1
"3289",3108,3607,1
"3290",3109,3609,1
"3291",3110,3603,1
"3292",3111,3587,1
"3293",3112,3612,1
"3294",3113,3594,1
"3295",3114,3608,1
"3296",3114,3616,1
"3297",3115,3587,1
"3298",3116,3587,1
"3299",3117,3615,1
"3300",3118,3587,1
"3301",3119,3590,1
"3302",3120,3596,1
"3303",3121,3595,1
"3304",3122,3609,1
"3305",3123,3613,1
"3306",3124,3616,1
"3307",3125,3595,1
"3308",3126,3607,1
"3309",3126,3626,1
"3310",3127,3622,1
"3311",3128,3608,1
"3312",3129,3617,1
"3313",3130,3609,1
"3314",3131,3592,1
"3315",3131,3606,1
"3316",3132,3596,1
"3317",3133,3619,1
"3318",3134,3608,1
"3319",3135,3597,1
"3320",3135,3620,1
"3321",3136,3609,1
"3322",3135,3585,1
"3323",3137,3585,1
"3324",3138,3607,1
"3325",3139,3615,1
"3326",3140,3595,1
"3327",3140,3585,1
"3328",3141,3616,1
"3329",3142,3607,1
"3330",3143,3626,1
"3331",3144,3611,1
"3332",3145,3626,1
"3333",3146,3624,1
"3334",3147,3606,1
"3335",3148,3616,1
"3336",3149,3597,1
"3337",3148,3632,1
"3338",3150,3626,1
"3339",3151,3608,1
"3340",3152,3591,1
"3341",3153,3609,1
"3342",3154,3616,1
"3343",3154,3627,1
"3344",3155,3613,1
"3345",3156,3625,1
"3346",3157,3603,1
"3347",3158,3595,1
"3348",3159,3607,1
"3349",3160,3613,1
"3350",3161,3594,1
"3351",3162,3613,1
"3352",3163,3590,1
"3353",3164,3600,1
"3354",3165,3616,1
"3355",3166,3595,1
"3356",3167,3613,1
"3357",3168,3618,1
"3358",3169,3585,1
"3359",3170,3599,1
"3360",3171,3593,1
"3361",3172,3592,1
"3362",3173,3602,1
"3363",3174,3602,1
"3364",3175,3602,1
"3365",3176,3624,1
"3366",3177,3618,1
"3367",3178,3585,1
"3368",3179,3625,1
"3369",3180,3621,1
"3370",3181,3625,1
"3371",3182,3620,1
"3372",3183,3628,1
"3373",3184,3621,1
"3374",3185,3625,1
"3375",3186,3623,1
"3376",3187,3602,1
"3377",3188,3629,1
"3378",3189,3616,1
"3379",3190,3591,1
"3380",3191,3608,1
"3381",3192,3610,1
"3382",3193,3609,1
"3383",3194,3629,1
"3384",3195,3595,1
"3385",3196,3602,1
"3386",3197,3625,1
"3387",3198,3594,1
"3388",3199,3592,1
"3389",3199,3609,1
"3390",3200,3631,1
"3391",3201,3602,1
"3392",3202,3609,1
"3393",3203,3612,1
"3394",3204,3625,1
"3395",3205,3625,1
"3396",3206,3607,1
"3397",3206,3586,1
"3398",3207,3607,1
"3399",3207,3616,1
"3400",3208,3621,1
"3401",3209,3615,1
"3402",3210,3615,1
"3403",3211,3596,1
"3404",3212,3597,1
"3405",3213,3603,1
"3406",3214,3612,1
"3407",3215,3615,1
"3408",3216,3606,1
"3409",3217,3599,1
"3410",3218,3594,1
"3411",3219,3618,1
"3412",3220,3601,1
"3413",3221,3607,1
"3414",3222,3622,1
"3415",3223,3586,1
"3416",3224,3628,1
"3417",3225,3611,1
"3418",3226,3599,1
"3419",3227,3615,1
"3420",3228,3591,1
"3421",3229,3595,1
"3422",3230,3601,1
"3423",3231,3611,1
"3424",3232,3622,1
"3425",3233,3619,1
"3426",3234,3625,1
"3427",3235,3626,1
"3428",3236,3625,1
"3429",3237,3591,1
"3430",3238,3619,1
"3431",3239,3621,1
"3432",3240,3607,1
"3433",3241,3624,1
"3434",3242,3622,1
"3435",3243,3591,1
"3436",3244,3619,1
"3437",3245,3595,1
"3438",3246,3626,1
"3439",3247,3628,1
"3440",3248,3616,1
"3441",3249,3606,1
"3442",3250,3595,1
"3443",3251,3600,1
"3444",3252,3608,1
"3445",3253,3595,1
"3446",3254,3625,1
"3447",3255,3628,1
"3448",3256,3626,1
"3449",3257,3615,1
"3450",3258,3631,1
"3451",3259,3625,1
"3452",3260,3595,1
"3453",3261,3631,1
"3454",3262,3592,1
"3455",3263,3631,1
"3456",3264,3628,1
"3457",3265,3620,1
"3458",3266,3591,1
"3459",3267,3595,1
"3460",3268,3628,1
"3461",3269,3599,1
"3462",3270,3630,1
"3463",3271,3630,1
"3464",3272,3606,1
"3465",3273,3598,1
"3466",3274,3625,1
"3467",3275,3606,1
"3468",3276,3625,1
"3469",3277,3600,1
"3470",3278,3619,1
"3471",3279,3631,1
"3472",3280,3616,1
"3473",3281,3624,1
"3474",3282,3625,1
"3475",3283,3605,1
"3476",3284,3625,1
"3477",3285,3605,1
"3478",3286,3589,1
"3479",3287,3612,1
"3480",3288,3618,1
"3481",3289,3620,1
"3482",3290,3598,1
"3483",3291,3600,1
"3484",3292,3621,1
"3485",3293,3607,1
"3486",3293,3591,1
"3487",3293,3608,1
"3488",3294,3603,1
"3489",3295,3616,1
"3490",3296,3602,1
"3491",3297,3605,1
"3492",3298,3595,1
"3493",3299,3619,1
"3494",3300,3628,1
"3495",3301,3607,1
"3496",3302,3607,1
"3497",3303,3631,1
"3498",3304,3619,1
"3499",3305,3595,1
"3500",3306,3595,1
"3501",3307,3617,1
"3502",3308,3617,1
"3503",3309,3603,1
"3504",3310,3606,1
"3505",3310,3615,1
"3506",3311,3585,1
"3507",3312,3606,1
"3508",3313,3607,1
"3509",3314,3587,1
"3510",3315,3600,1
"3511",3316,3587,1
"3512",3317,3594,1
"3513",3318,3599,1
"3514",3319,3597,1
"3515",3320,3591,1
"3516",3321,3629,1
"3517",3322,3595,1
"3518",3323,3621,1
"3519",3324,3595,1
"3520",3325,3615,1
"3521",3325,3621,1
"3522",3325,3587,1
"3523",3326,3615,1
"3524",3327,3621,1
"3525",3328,3598,1
"3526",3328,3612,1
"3527",3329,3594,1
"3528",3330,3614,1
"3529",3331,3589,1
"3530",3332,3634,1
"3531",3333,3598,1
"3532",3334,3625,1
"3533",3335,3621,1
"3534",3336,3615,1
"3535",3337,3587,1
"3536",3338,3632,1
"3537",3339,3621,1
"3538",3340,3592,1
"3539",3341,3607,1
"3540",3342,3624,1
"3541",3343,3596,1
"3542",3344,3590,1
"3543",3345,3621,1
"3544",3346,3587,1
"3545",3347,3587,1
"3546",3348,3631,1
"3547",3349,3586,1
"3548",3350,3617,1
"3549",3351,3586,1
"3550",3352,3594,1
"3551",3353,3606,1
"3552",3353,3628,1
"3553",3354,3613,1
"3554",3355,3593,1
"3555",3356,3607,1
"3556",3357,3607,1
"3557",3358,3601,1
"3558",3359,3597,1
"3559",3360,3613,1
"3560",3361,3606,1
"3561",3362,3586,1
"3562",3363,3596,1
"3563",3364,3594,1
"3564",3365,3611,1
"3565",3366,3607,1
"3566",3367,3617,1
"3567",3368,3600,1
"3568",3369,3591,1
"3569",3370,3630,1
"3570",3371,3618,1
"3571",3372,3619,1
"3572",3373,3597,1
"3573",3374,3614,1
"3574",3375,3615,1
"3575",3376,3625,1
"3576",3377,3626,1
"3577",3378,3617,1
"3578",3379,3602,1
"3579",3380,3587,1
"3580",3381,3629,1
"3581",3382,3615,1
"3582",3381,3625,1
"3583",3383,3585,1
"3584",3384,3596,1
"3585",3385,3627,1
"3586",3386,3590,1
"3587",3387,3597,1
"3588",3388,3613,1
"3589",3389,3631,1
"3590",3390,3614,1
"3591",3391,3626,1
"3592",3392,3606,1
"3593",3393,3615,1
"3594",3394,3618,1
"3595",3395,3609,1
"3596",3396,3628,1
"3597",3397,3634,1
"3598",3398,3616,1
"3599",3399,3593,1
"3600",3400,3587,1
"3601",3401,3607,1
"3602",3402,3620,1
"3603",3403,3615,1
"3604",3404,3620,1
"3605",3405,3604,1
"3606",3406,3617,1
"3607",3407,3617,1
"3608",3408,3591,1
"3609",3409,3603,1
"3610",3410,3599,1
"3611",3411,3629,1
"3612",3412,3593,1
"3613",3413,3603,1
"3614",3413,3592,1
"3615",3414,3625,1
"3616",3415,3615,1
"3617",3416,3625,1
"3618",3417,3616,1
"3619",3418,3596,1
"3620",3419,3606,1
"3621",3420,3602,1
"3622",3421,3625,1
"3623",3422,3589,1
"3624",3423,3634,1
"3625",3424,3593,1
"3626",3425,3587,1
"3627",3426,3587,1
"3628",3427,3602,1
"3629",3428,3593,1
"3630",3429,3626,1
"3631",3430,3593,1
"3632",3431,3607,1
"3633",3432,3592,1
"3634",3433,3597,1
"3635",3434,3626,1
"3636",3435,3602,1
"3637",3436,3586,1
"3638",2952,3606,1
"3639",3437,3601,1
"3640",3438,3618,1
"3641",3439,3586,1
"3642",3440,3620,1
"3643",3441,3630,1
"3644",3442,3611,1
"3645",3443,3589,1
"3646",3444,3625,1
"3647",3445,3585,1
"3648",3446,3591,1
"3649",3447,3598,1
"3650",3448,3606,1
"3651",3449,3626,1
"3652",3450,3587,1
"3653",3451,3622,1
"3654",3452,3611,1
"3655",3453,3616,1
"3656",3454,3603,1
"3657",3455,3632,1
"3658",3456,3625,1
"3659",3457,3611,1
"3660",3458,3616,1
"3661",3459,3592,1
"3662",3460,3612,1
"3663",3461,3586,1
"3664",3460,3632,1
"3665",3462,3605,1
"3666",3463,3628,1
"3667",3464,3591,1
"3668",3465,3591,1
"3669",3466,3607,1
"3670",3467,3597,1
"3671",3468,3585,1
"3672",3469,3625,1
"3673",3470,3626,1
"3674",3471,3626,1
"3675",3472,3622,1
"3676",3473,3621,1
"3677",3473,3611,1
"3678",3474,3597,1
"3679",3475,3593,1
"3680",3475,3586,1
"3681",3476,3615,1
"3682",3477,3595,1
"3683",3478,3601,1
"3684",3479,3603,1
"3685",3480,3587,1
"3686",3481,3594,1
"3687",3482,3609,1
"3688",3483,3633,1
"3689",3482,3616,1
"3690",3484,3585,1
"3691",3485,3623,1
"3692",3486,3623,1
"3693",3487,3616,1
"3694",3488,3606,1
"3695",3489,3608,1
"3696",3489,3605,1
"3697",3490,3615,1
"3698",3491,3596,1
"3699",3491,3591,1
"3700",3491,3605,1
"3701",3492,3607,1
"3702",3493,3606,1
"3703",3493,3616,1
"3704",3494,3609,1
"3705",3495,3599,1
"3706",3495,3607,1
"3707",3496,3596,1
"3708",3496,3626,1
"3709",3497,3585,1
"3710",3498,3595,1
"3711",3499,3629,1
"3712",3500,3619,1
"3713",3501,3626,1
"3714",3502,3591,1
"3715",3503,3625,1
"3716",3504,3630,1
"3717",3504,3606,1
"3718",3505,3625,1
"3719",3506,3607,1
"3720",3507,3624,1
"3721",3508,3622,1
"3722",3509,3603,1
"3723",3510,3623,1
"3724",3511,3609,1
"3725",3512,3620,1
"3726",3513,3595,1
"3727",3514,3631,1
"3728",3515,3618,1
"3729",3516,3629,1
"3730",3517,3593,1
"3731",3518,3623,1
"3732",3519,3615,1
"3733",3520,3601,1
"3734",3521,3632,1
"3735",3522,3610,1
"3736",3523,3610,1
"3737",3524,3631,1
"3738",3525,3591,1
"3739",3526,3611,1
"3740",3527,3622,1
"3741",3528,3600,1
"3742",3529,3616,1
"3743",3530,3592,1
"3744",3531,3586,1
"3745",3532,3590,1
"3746",3533,3609,1
"3747",3534,3626,1
"3748",3535,3585,1
"3749",3536,3616,1
"3750",3537,3612,1
"3751",3538,3616,1
"3752",3539,3591,1
"3753",3540,3595,1
"3754",3541,3617,1
"3755",3542,3594,1
"3756",3542,3607,1
"3757",3542,3616,1
"3758",3543,3610,1
"3759",3544,3625,1
"3760",3545,3620,1
"3761",3546,3609,1
"3762",3547,3599,1
"3763",3548,3617,1
"3764",3549,3617,1
"3765",3550,3585,1
"3766",3551,3619,1
"3767",3552,3600,1
"3768",3553,3609,1
"3769",3552,3615,1
"3770",3554,3609,1
"3771",3555,3595,1
"3772",3556,3599,1
"3773",3557,3626,1
"3774",3558,3600,1
"3775",3559,3594,1
"3776",3560,3589,1
"3777",3561,3629,1
"3778",3561,3594,1
"3779",3562,3632,1
"3780",3563,3629,1
"3781",3564,3616,1
"3782",3565,3588,1
"3783",3566,3594,1
"3784",3567,3609,1
"3785",3568,3616,1
"3786",3569,3588,1
"3787",3570,3634,1
"3788",3571,3618,1
"3789",3572,3585,1
"3790",3573,3603,1
"3791",3574,3619,1
"3792",3575,3591,1
"3793",3575,3615,1
"3794",3576,3630,1
"3795",3577,3607,1
"3796",3578,3597,1
"3797",3579,3589,1
"3798",3580,3628,1
"3799",3581,3634,1
"3800",3581,3620,1
"3801",3581,3596,1
"3802",3582,3596,1
"3803",3583,3611,1
"3804",3584,3614,1
